published_date,dept,title,description,url,link,format,display_type,organisations_raw
2026-01-29T00:01:11Z,DSIT,AI Opportunities Action Plan: dashboard,An interactive dashboard showing detailed progress for each action of the AI Opportunities Action Plan.,https://www.gov.uk/government/publications/ai-opportunities-action-plan-dashboard,/government/publications/ai-opportunities-action-plan-dashboard,guidance,Guidance,"[{""organisation_type"": ""ministerial_department"", ""organisation_state"": ""live"", ""superseding_organisations"": [], ""acronym"": ""DSIT"", ""content_id"": ""c352c234-8083-47ec-8a4b-0edd45c31263"", ""link"": ""/government/organisations/department-for-science-innovation-and-technology"", ""parent_organisations"": [], ""superseded_organisations"": [""department-for-digital-culture-media-sport"", ""department-for-business-energy-and-industrial-strategy"", ""centre-for-data-ethics-and-innovation"", ""office-for-artificial-intelligence"", ""building-digital-uk""], ""analytics_identifier"": ""D1381"", ""title"": ""Department for Science, Innovation and Technology"", ""organisation_crest"": ""single-identity"", ""organisation_brand"": ""department-for-science-innovation-technology"", ""child_organisations"": [""building-digital-uk"", ""office-for-artificial-intelligence"", ""centre-for-data-ethics-and-innovation"", ""geospatial-commission"", ""uk-council-for-internet-safety"", ""uk-space-agency"", ""government-office-for-science"", ""met-office"", ""ofcom"", ""phone-paid-services-authority"", ""information-commissioner-s-office"", ""office-for-life-sciences"", ""government-office-for-technology-transfer"", ""government-chemist"", ""research-collaboration-advice-team"", ""advanced-research-and-invention-agency"", ""intellectual-property-office"", ""uk-research-and-innovation"", ""ordnance-survey"", ""copyright-tribunal"", ""national-physical-laboratory"", ""uk-shared-business-services-ltd"", ""british-technology-investments-ltd"", ""ai-safety-institute"", ""regulatory-horizons-council"", ""government-digital-service"", ""central-digital-and-data-office"", ""incubator-for-artificial-intelligence"", ""office-for-digital-identities-and-attributes"", ""ai-security-institute"", ""regulatory-innovation-office""], ""logo_formatted_title"": ""Department for<br/>Science, Innovation<br/>&amp; Technology"", ""slug"": ""department-for-science-innovation-and-technology"", ""public_timestamp"": ""2025-08-22T13:12:15Z""}]"
2026-01-28T00:01:04Z,DSIT,Assessment of AI capabilities and the impact on the UK labour market,"An initial, high-level assessment of existing evidence on how AI capabilities are developing and their potential impacts on the UK labour market.",https://www.gov.uk/government/publications/assessment-of-ai-capabilities-and-the-impact-on-the-uk-labour-market,/government/publications/assessment-of-ai-capabilities-and-the-impact-on-the-uk-labour-market,research,Research,"[{""organisation_type"": ""ministerial_department"", ""organisation_state"": ""live"", ""superseding_organisations"": [], ""acronym"": ""DSIT"", ""content_id"": ""c352c234-8083-47ec-8a4b-0edd45c31263"", ""link"": ""/government/organisations/department-for-science-innovation-and-technology"", ""parent_organisations"": [], ""superseded_organisations"": [""department-for-digital-culture-media-sport"", ""department-for-business-energy-and-industrial-strategy"", ""centre-for-data-ethics-and-innovation"", ""office-for-artificial-intelligence"", ""building-digital-uk""], ""analytics_identifier"": ""D1381"", ""title"": ""Department for Science, Innovation and Technology"", ""organisation_crest"": ""single-identity"", ""organisation_brand"": ""department-for-science-innovation-technology"", ""child_organisations"": [""building-digital-uk"", ""office-for-artificial-intelligence"", ""centre-for-data-ethics-and-innovation"", ""geospatial-commission"", ""uk-council-for-internet-safety"", ""uk-space-agency"", ""government-office-for-science"", ""met-office"", ""ofcom"", ""phone-paid-services-authority"", ""information-commissioner-s-office"", ""office-for-life-sciences"", ""government-office-for-technology-transfer"", ""government-chemist"", ""research-collaboration-advice-team"", ""advanced-research-and-invention-agency"", ""intellectual-property-office"", ""uk-research-and-innovation"", ""ordnance-survey"", ""copyright-tribunal"", ""national-physical-laboratory"", ""uk-shared-business-services-ltd"", ""british-technology-investments-ltd"", ""ai-safety-institute"", ""regulatory-horizons-council"", ""government-digital-service"", ""central-digital-and-data-office"", ""incubator-for-artificial-intelligence"", ""office-for-digital-identities-and-attributes"", ""ai-security-institute"", ""regulatory-innovation-office""], ""logo_formatted_title"": ""Department for<br/>Science, Innovation<br/>&amp; Technology"", ""slug"": ""department-for-science-innovation-and-technology"", ""public_timestamp"": ""2025-08-22T13:12:15Z""}, {""organisation_type"": ""sub_organisation"", ""organisation_state"": ""exempt"", ""logo_url"": ""https://assets.publishing.service.gov.uk/media/67af0911a1d2c59f9ba29b28/AISI-logo-govuk.png"", ""superseding_organisations"": [], ""acronym"": ""AISI"", ""content_id"": ""3a279946-1880-410e-ad4e-eb3cef22e210"", ""link"": ""/government/organisations/ai-security-institute"", ""parent_organisations"": [""department-for-science-innovation-and-technology""], ""superseded_organisations"": [""ai-safety-institute""], ""analytics_identifier"": ""OT1439"", ""title"": ""AI Security Institute"", ""organisation_crest"": ""custom"", ""organisation_brand"": ""department-for-science-innovation-technology"", ""child_organisations"": [], ""logo_formatted_title"": ""AI Security Institute"", ""slug"": ""ai-security-institute"", ""public_timestamp"": ""2025-02-14T09:12:49Z""}]"
2026-01-28T00:01:02Z,DSIT,R&D Science and Analysis Programme - AI Skills for Life and Work,R&D Science and Analysis Programme - AI Skills for Life and Work reports,https://www.gov.uk/government/collections/rd-science-and-analysis-programme-ai-skills-for-life-and-work,/government/collections/rd-science-and-analysis-programme-ai-skills-for-life-and-work,document_collection,,"[{""organisation_type"": ""ministerial_department"", ""organisation_state"": ""live"", ""superseding_organisations"": [], ""acronym"": ""DSIT"", ""content_id"": ""c352c234-8083-47ec-8a4b-0edd45c31263"", ""link"": ""/government/organisations/department-for-science-innovation-and-technology"", ""parent_organisations"": [], ""superseded_organisations"": [""department-for-digital-culture-media-sport"", ""department-for-business-energy-and-industrial-strategy"", ""centre-for-data-ethics-and-innovation"", ""office-for-artificial-intelligence"", ""building-digital-uk""], ""analytics_identifier"": ""D1381"", ""title"": ""Department for Science, Innovation and Technology"", ""organisation_crest"": ""single-identity"", ""organisation_brand"": ""department-for-science-innovation-technology"", ""child_organisations"": [""building-digital-uk"", ""office-for-artificial-intelligence"", ""centre-for-data-ethics-and-innovation"", ""geospatial-commission"", ""uk-council-for-internet-safety"", ""uk-space-agency"", ""government-office-for-science"", ""met-office"", ""ofcom"", ""phone-paid-services-authority"", ""information-commissioner-s-office"", ""office-for-life-sciences"", ""government-office-for-technology-transfer"", ""government-chemist"", ""research-collaboration-advice-team"", ""advanced-research-and-invention-agency"", ""intellectual-property-office"", ""uk-research-and-innovation"", ""ordnance-survey"", ""copyright-tribunal"", ""national-physical-laboratory"", ""uk-shared-business-services-ltd"", ""british-technology-investments-ltd"", ""ai-safety-institute"", ""regulatory-horizons-council"", ""government-digital-service"", ""central-digital-and-data-office"", ""incubator-for-artificial-intelligence"", ""office-for-digital-identities-and-attributes"", ""ai-security-institute"", ""regulatory-innovation-office""], ""logo_formatted_title"": ""Department for<br/>Science, Innovation<br/>&amp; Technology"", ""slug"": ""department-for-science-innovation-and-technology"", ""public_timestamp"": ""2025-08-22T13:12:15Z""}, {""organisation_type"": ""ministerial_department"", ""organisation_state"": ""live"", ""superseding_organisations"": [], ""acronym"": ""DCMS"", ""content_id"": ""ae9ef2e1-9de0-4ff8-b560-e6ac28a6205c"", ""link"": ""/government/organisations/department-for-culture-media-and-sport"", ""parent_organisations"": [], ""superseded_organisations"": [""department-for-digital-culture-media-sport""], ""analytics_identifier"": ""D1383"", ""title"": ""Department for Culture, Media and Sport"", ""organisation_crest"": ""single-identity"", ""organisation_brand"": ""department-for-culture-media-sport"", ""child_organisations"": [""charity-commission"", ""the-national-archives"", ""arts-council-england"", ""british-film-institute"", ""british-library"", ""british-museum"", ""gambling-commission"", ""geffrye-museum"", ""historic-england"", ""horniman-museum"", ""horserace-betting-levy-board"", ""imperial-war-museum"", ""national-gallery"", ""national-heritage-memorial-fund"", ""the-national-lottery-community-fund"", ""national-museums-liverpool"", ""national-portrait-gallery"", ""natural-history-museum"", ""royal-armouries-museum"", ""royal-museums-greenwich"", ""science-museum-group"", ""sir-john-soane-s-museum"", ""sport-england"", ""sports-grounds-safety-authority"", ""tate"", ""uk-anti-doping"", ""uk-sport"", ""victoria-and-albert-museum"", ""visitbritain"", ""visitengland"", ""wallace-collection"", ""the-advisory-council-on-national-records-and-archives"", ""the-reviewing-committee-on-the-export-of-works-of-art-and-objects-of-cultural-interest"", ""the-theatres-trust"", ""treasure-valuation-committee"", ""bbc"", ""channel-4"", ""historic-royal-palaces"", ""royal-parks"", ""churches-conservation-trust"", ""national-citizen-service"", ""s4c"", ""independent-football-regulator""], ""logo_formatted_title"": ""Department <br/>for Culture,<br/>Media &amp; Sport"", ""slug"": ""department-for-culture-media-and-sport"", ""public_timestamp"": ""2026-01-26T12:53:30Z""}]"
2026-01-28T00:01:02Z,DSIT,AI Skills for Life and Work: Delphi Study,One of 11 reports produced for the AI Skills for Life and Work R&D project. Delphi study capturing expert views on the subject.,https://www.gov.uk/government/publications/ai-skills-for-life-and-work-delphi-study,/government/publications/ai-skills-for-life-and-work-delphi-study,research,Research,"[{""organisation_type"": ""ministerial_department"", ""organisation_state"": ""live"", ""superseding_organisations"": [], ""acronym"": ""DSIT"", ""content_id"": ""c352c234-8083-47ec-8a4b-0edd45c31263"", ""link"": ""/government/organisations/department-for-science-innovation-and-technology"", ""parent_organisations"": [], ""superseded_organisations"": [""department-for-digital-culture-media-sport"", ""department-for-business-energy-and-industrial-strategy"", ""centre-for-data-ethics-and-innovation"", ""office-for-artificial-intelligence"", ""building-digital-uk""], ""analytics_identifier"": ""D1381"", ""title"": ""Department for Science, Innovation and Technology"", ""organisation_crest"": ""single-identity"", ""organisation_brand"": ""department-for-science-innovation-technology"", ""child_organisations"": [""building-digital-uk"", ""office-for-artificial-intelligence"", ""centre-for-data-ethics-and-innovation"", ""geospatial-commission"", ""uk-council-for-internet-safety"", ""uk-space-agency"", ""government-office-for-science"", ""met-office"", ""ofcom"", ""phone-paid-services-authority"", ""information-commissioner-s-office"", ""office-for-life-sciences"", ""government-office-for-technology-transfer"", ""government-chemist"", ""research-collaboration-advice-team"", ""advanced-research-and-invention-agency"", ""intellectual-property-office"", ""uk-research-and-innovation"", ""ordnance-survey"", ""copyright-tribunal"", ""national-physical-laboratory"", ""uk-shared-business-services-ltd"", ""british-technology-investments-ltd"", ""ai-safety-institute"", ""regulatory-horizons-council"", ""government-digital-service"", ""central-digital-and-data-office"", ""incubator-for-artificial-intelligence"", ""office-for-digital-identities-and-attributes"", ""ai-security-institute"", ""regulatory-innovation-office""], ""logo_formatted_title"": ""Department for<br/>Science, Innovation<br/>&amp; Technology"", ""slug"": ""department-for-science-innovation-and-technology"", ""public_timestamp"": ""2025-08-22T13:12:15Z""}, {""organisation_type"": ""ministerial_department"", ""organisation_state"": ""live"", ""superseding_organisations"": [], ""acronym"": ""DCMS"", ""content_id"": ""ae9ef2e1-9de0-4ff8-b560-e6ac28a6205c"", ""link"": ""/government/organisations/department-for-culture-media-and-sport"", ""parent_organisations"": [], ""superseded_organisations"": [""department-for-digital-culture-media-sport""], ""analytics_identifier"": ""D1383"", ""title"": ""Department for Culture, Media and Sport"", ""organisation_crest"": ""single-identity"", ""organisation_brand"": ""department-for-culture-media-sport"", ""child_organisations"": [""charity-commission"", ""the-national-archives"", ""arts-council-england"", ""british-film-institute"", ""british-library"", ""british-museum"", ""gambling-commission"", ""geffrye-museum"", ""historic-england"", ""horniman-museum"", ""horserace-betting-levy-board"", ""imperial-war-museum"", ""national-gallery"", ""national-heritage-memorial-fund"", ""the-national-lottery-community-fund"", ""national-museums-liverpool"", ""national-portrait-gallery"", ""natural-history-museum"", ""royal-armouries-museum"", ""royal-museums-greenwich"", ""science-museum-group"", ""sir-john-soane-s-museum"", ""sport-england"", ""sports-grounds-safety-authority"", ""tate"", ""uk-anti-doping"", ""uk-sport"", ""victoria-and-albert-museum"", ""visitbritain"", ""visitengland"", ""wallace-collection"", ""the-advisory-council-on-national-records-and-archives"", ""the-reviewing-committee-on-the-export-of-works-of-art-and-objects-of-cultural-interest"", ""the-theatres-trust"", ""treasure-valuation-committee"", ""bbc"", ""channel-4"", ""historic-royal-palaces"", ""royal-parks"", ""churches-conservation-trust"", ""national-citizen-service"", ""s4c"", ""independent-football-regulator""], ""logo_formatted_title"": ""Department <br/>for Culture,<br/>Media &amp; Sport"", ""slug"": ""department-for-culture-media-and-sport"", ""public_timestamp"": ""2026-01-26T12:53:30Z""}]"
2026-01-28T00:01:02Z,DSIT,AI Skills for Life and Work: General Public Survey Findings,"One of 11 reports produced for the AI Skills for Life and Work R&D project, focusing on findings from the general public survey",https://www.gov.uk/government/publications/ai-skills-for-life-and-work-general-public-survey-findings,/government/publications/ai-skills-for-life-and-work-general-public-survey-findings,research,Research,"[{""organisation_type"": ""ministerial_department"", ""organisation_state"": ""live"", ""superseding_organisations"": [], ""acronym"": ""DSIT"", ""content_id"": ""c352c234-8083-47ec-8a4b-0edd45c31263"", ""link"": ""/government/organisations/department-for-science-innovation-and-technology"", ""parent_organisations"": [], ""superseded_organisations"": [""department-for-digital-culture-media-sport"", ""department-for-business-energy-and-industrial-strategy"", ""centre-for-data-ethics-and-innovation"", ""office-for-artificial-intelligence"", ""building-digital-uk""], ""analytics_identifier"": ""D1381"", ""title"": ""Department for Science, Innovation and Technology"", ""organisation_crest"": ""single-identity"", ""organisation_brand"": ""department-for-science-innovation-technology"", ""child_organisations"": [""building-digital-uk"", ""office-for-artificial-intelligence"", ""centre-for-data-ethics-and-innovation"", ""geospatial-commission"", ""uk-council-for-internet-safety"", ""uk-space-agency"", ""government-office-for-science"", ""met-office"", ""ofcom"", ""phone-paid-services-authority"", ""information-commissioner-s-office"", ""office-for-life-sciences"", ""government-office-for-technology-transfer"", ""government-chemist"", ""research-collaboration-advice-team"", ""advanced-research-and-invention-agency"", ""intellectual-property-office"", ""uk-research-and-innovation"", ""ordnance-survey"", ""copyright-tribunal"", ""national-physical-laboratory"", ""uk-shared-business-services-ltd"", ""british-technology-investments-ltd"", ""ai-safety-institute"", ""regulatory-horizons-council"", ""government-digital-service"", ""central-digital-and-data-office"", ""incubator-for-artificial-intelligence"", ""office-for-digital-identities-and-attributes"", ""ai-security-institute"", ""regulatory-innovation-office""], ""logo_formatted_title"": ""Department for<br/>Science, Innovation<br/>&amp; Technology"", ""slug"": ""department-for-science-innovation-and-technology"", ""public_timestamp"": ""2025-08-22T13:12:15Z""}, {""organisation_type"": ""ministerial_department"", ""organisation_state"": ""live"", ""superseding_organisations"": [], ""acronym"": ""DCMS"", ""content_id"": ""ae9ef2e1-9de0-4ff8-b560-e6ac28a6205c"", ""link"": ""/government/organisations/department-for-culture-media-and-sport"", ""parent_organisations"": [], ""superseded_organisations"": [""department-for-digital-culture-media-sport""], ""analytics_identifier"": ""D1383"", ""title"": ""Department for Culture, Media and Sport"", ""organisation_crest"": ""single-identity"", ""organisation_brand"": ""department-for-culture-media-sport"", ""child_organisations"": [""charity-commission"", ""the-national-archives"", ""arts-council-england"", ""british-film-institute"", ""british-library"", ""british-museum"", ""gambling-commission"", ""geffrye-museum"", ""historic-england"", ""horniman-museum"", ""horserace-betting-levy-board"", ""imperial-war-museum"", ""national-gallery"", ""national-heritage-memorial-fund"", ""the-national-lottery-community-fund"", ""national-museums-liverpool"", ""national-portrait-gallery"", ""natural-history-museum"", ""royal-armouries-museum"", ""royal-museums-greenwich"", ""science-museum-group"", ""sir-john-soane-s-museum"", ""sport-england"", ""sports-grounds-safety-authority"", ""tate"", ""uk-anti-doping"", ""uk-sport"", ""victoria-and-albert-museum"", ""visitbritain"", ""visitengland"", ""wallace-collection"", ""the-advisory-council-on-national-records-and-archives"", ""the-reviewing-committee-on-the-export-of-works-of-art-and-objects-of-cultural-interest"", ""the-theatres-trust"", ""treasure-valuation-committee"", ""bbc"", ""channel-4"", ""historic-royal-palaces"", ""royal-parks"", ""churches-conservation-trust"", ""national-citizen-service"", ""s4c"", ""independent-football-regulator""], ""logo_formatted_title"": ""Department <br/>for Culture,<br/>Media &amp; Sport"", ""slug"": ""department-for-culture-media-and-sport"", ""public_timestamp"": ""2026-01-26T12:53:30Z""}]"
2026-01-28T00:01:02Z,DSIT,AI Skills for Life and Work: Rapid Evidence Review,"One of 11 reports produced for the AI Skills for Life and Work R&D project, focusing on key findings from the rapid evidence review",https://www.gov.uk/government/publications/ai-skills-for-life-and-work-rapid-evidence-review,/government/publications/ai-skills-for-life-and-work-rapid-evidence-review,research,Research,"[{""organisation_type"": ""ministerial_department"", ""organisation_state"": ""live"", ""superseding_organisations"": [], ""acronym"": ""DSIT"", ""content_id"": ""c352c234-8083-47ec-8a4b-0edd45c31263"", ""link"": ""/government/organisations/department-for-science-innovation-and-technology"", ""parent_organisations"": [], ""superseded_organisations"": [""department-for-digital-culture-media-sport"", ""department-for-business-energy-and-industrial-strategy"", ""centre-for-data-ethics-and-innovation"", ""office-for-artificial-intelligence"", ""building-digital-uk""], ""analytics_identifier"": ""D1381"", ""title"": ""Department for Science, Innovation and Technology"", ""organisation_crest"": ""single-identity"", ""organisation_brand"": ""department-for-science-innovation-technology"", ""child_organisations"": [""building-digital-uk"", ""office-for-artificial-intelligence"", ""centre-for-data-ethics-and-innovation"", ""geospatial-commission"", ""uk-council-for-internet-safety"", ""uk-space-agency"", ""government-office-for-science"", ""met-office"", ""ofcom"", ""phone-paid-services-authority"", ""information-commissioner-s-office"", ""office-for-life-sciences"", ""government-office-for-technology-transfer"", ""government-chemist"", ""research-collaboration-advice-team"", ""advanced-research-and-invention-agency"", ""intellectual-property-office"", ""uk-research-and-innovation"", ""ordnance-survey"", ""copyright-tribunal"", ""national-physical-laboratory"", ""uk-shared-business-services-ltd"", ""british-technology-investments-ltd"", ""ai-safety-institute"", ""regulatory-horizons-council"", ""government-digital-service"", ""central-digital-and-data-office"", ""incubator-for-artificial-intelligence"", ""office-for-digital-identities-and-attributes"", ""ai-security-institute"", ""regulatory-innovation-office""], ""logo_formatted_title"": ""Department for<br/>Science, Innovation<br/>&amp; Technology"", ""slug"": ""department-for-science-innovation-and-technology"", ""public_timestamp"": ""2025-08-22T13:12:15Z""}, {""organisation_type"": ""ministerial_department"", ""organisation_state"": ""live"", ""superseding_organisations"": [], ""acronym"": ""DCMS"", ""content_id"": ""ae9ef2e1-9de0-4ff8-b560-e6ac28a6205c"", ""link"": ""/government/organisations/department-for-culture-media-and-sport"", ""parent_organisations"": [], ""superseded_organisations"": [""department-for-digital-culture-media-sport""], ""analytics_identifier"": ""D1383"", ""title"": ""Department for Culture, Media and Sport"", ""organisation_crest"": ""single-identity"", ""organisation_brand"": ""department-for-culture-media-sport"", ""child_organisations"": [""charity-commission"", ""the-national-archives"", ""arts-council-england"", ""british-film-institute"", ""british-library"", ""british-museum"", ""gambling-commission"", ""geffrye-museum"", ""historic-england"", ""horniman-museum"", ""horserace-betting-levy-board"", ""imperial-war-museum"", ""national-gallery"", ""national-heritage-memorial-fund"", ""the-national-lottery-community-fund"", ""national-museums-liverpool"", ""national-portrait-gallery"", ""natural-history-museum"", ""royal-armouries-museum"", ""royal-museums-greenwich"", ""science-museum-group"", ""sir-john-soane-s-museum"", ""sport-england"", ""sports-grounds-safety-authority"", ""tate"", ""uk-anti-doping"", ""uk-sport"", ""victoria-and-albert-museum"", ""visitbritain"", ""visitengland"", ""wallace-collection"", ""the-advisory-council-on-national-records-and-archives"", ""the-reviewing-committee-on-the-export-of-works-of-art-and-objects-of-cultural-interest"", ""the-theatres-trust"", ""treasure-valuation-committee"", ""bbc"", ""channel-4"", ""historic-royal-palaces"", ""royal-parks"", ""churches-conservation-trust"", ""national-citizen-service"", ""s4c"", ""independent-football-regulator""], ""logo_formatted_title"": ""Department <br/>for Culture,<br/>Media &amp; Sport"", ""slug"": ""department-for-culture-media-and-sport"", ""public_timestamp"": ""2026-01-26T12:53:30Z""}]"
2026-01-28T00:01:02Z,DSIT,AI Skills for Life and Work: Job Vacancy Analysis,"One of 11 reports produced for the AI Skills for Life and Work R&D project, focusing on the analysis of job vacancy data.",https://www.gov.uk/government/publications/ai-skills-for-life-and-work-job-vacancy-analysis,/government/publications/ai-skills-for-life-and-work-job-vacancy-analysis,research,Research,"[{""organisation_type"": ""ministerial_department"", ""organisation_state"": ""live"", ""superseding_organisations"": [], ""acronym"": ""DSIT"", ""content_id"": ""c352c234-8083-47ec-8a4b-0edd45c31263"", ""link"": ""/government/organisations/department-for-science-innovation-and-technology"", ""parent_organisations"": [], ""superseded_organisations"": [""department-for-digital-culture-media-sport"", ""department-for-business-energy-and-industrial-strategy"", ""centre-for-data-ethics-and-innovation"", ""office-for-artificial-intelligence"", ""building-digital-uk""], ""analytics_identifier"": ""D1381"", ""title"": ""Department for Science, Innovation and Technology"", ""organisation_crest"": ""single-identity"", ""organisation_brand"": ""department-for-science-innovation-technology"", ""child_organisations"": [""building-digital-uk"", ""office-for-artificial-intelligence"", ""centre-for-data-ethics-and-innovation"", ""geospatial-commission"", ""uk-council-for-internet-safety"", ""uk-space-agency"", ""government-office-for-science"", ""met-office"", ""ofcom"", ""phone-paid-services-authority"", ""information-commissioner-s-office"", ""office-for-life-sciences"", ""government-office-for-technology-transfer"", ""government-chemist"", ""research-collaboration-advice-team"", ""advanced-research-and-invention-agency"", ""intellectual-property-office"", ""uk-research-and-innovation"", ""ordnance-survey"", ""copyright-tribunal"", ""national-physical-laboratory"", ""uk-shared-business-services-ltd"", ""british-technology-investments-ltd"", ""ai-safety-institute"", ""regulatory-horizons-council"", ""government-digital-service"", ""central-digital-and-data-office"", ""incubator-for-artificial-intelligence"", ""office-for-digital-identities-and-attributes"", ""ai-security-institute"", ""regulatory-innovation-office""], ""logo_formatted_title"": ""Department for<br/>Science, Innovation<br/>&amp; Technology"", ""slug"": ""department-for-science-innovation-and-technology"", ""public_timestamp"": ""2025-08-22T13:12:15Z""}, {""organisation_type"": ""ministerial_department"", ""organisation_state"": ""live"", ""superseding_organisations"": [], ""acronym"": ""DCMS"", ""content_id"": ""ae9ef2e1-9de0-4ff8-b560-e6ac28a6205c"", ""link"": ""/government/organisations/department-for-culture-media-and-sport"", ""parent_organisations"": [], ""superseded_organisations"": [""department-for-digital-culture-media-sport""], ""analytics_identifier"": ""D1383"", ""title"": ""Department for Culture, Media and Sport"", ""organisation_crest"": ""single-identity"", ""organisation_brand"": ""department-for-culture-media-sport"", ""child_organisations"": [""charity-commission"", ""the-national-archives"", ""arts-council-england"", ""british-film-institute"", ""british-library"", ""british-museum"", ""gambling-commission"", ""geffrye-museum"", ""historic-england"", ""horniman-museum"", ""horserace-betting-levy-board"", ""imperial-war-museum"", ""national-gallery"", ""national-heritage-memorial-fund"", ""the-national-lottery-community-fund"", ""national-museums-liverpool"", ""national-portrait-gallery"", ""natural-history-museum"", ""royal-armouries-museum"", ""royal-museums-greenwich"", ""science-museum-group"", ""sir-john-soane-s-museum"", ""sport-england"", ""sports-grounds-safety-authority"", ""tate"", ""uk-anti-doping"", ""uk-sport"", ""victoria-and-albert-museum"", ""visitbritain"", ""visitengland"", ""wallace-collection"", ""the-advisory-council-on-national-records-and-archives"", ""the-reviewing-committee-on-the-export-of-works-of-art-and-objects-of-cultural-interest"", ""the-theatres-trust"", ""treasure-valuation-committee"", ""bbc"", ""channel-4"", ""historic-royal-palaces"", ""royal-parks"", ""churches-conservation-trust"", ""national-citizen-service"", ""s4c"", ""independent-football-regulator""], ""logo_formatted_title"": ""Department <br/>for Culture,<br/>Media &amp; Sport"", ""slug"": ""department-for-culture-media-and-sport"", ""public_timestamp"": ""2026-01-26T12:53:30Z""}]"
2026-01-28T00:01:00Z,DSIT,TechLocal,Details of the TechLocal grant funding programme to boost digital skills and jobs.,https://www.gov.uk/government/publications/techlocal,/government/publications/techlocal,guidance,Guidance,"[{""organisation_type"": ""ministerial_department"", ""organisation_state"": ""live"", ""superseding_organisations"": [], ""acronym"": ""DSIT"", ""content_id"": ""c352c234-8083-47ec-8a4b-0edd45c31263"", ""link"": ""/government/organisations/department-for-science-innovation-and-technology"", ""parent_organisations"": [], ""superseded_organisations"": [""department-for-digital-culture-media-sport"", ""department-for-business-energy-and-industrial-strategy"", ""centre-for-data-ethics-and-innovation"", ""office-for-artificial-intelligence"", ""building-digital-uk""], ""analytics_identifier"": ""D1381"", ""title"": ""Department for Science, Innovation and Technology"", ""organisation_crest"": ""single-identity"", ""organisation_brand"": ""department-for-science-innovation-technology"", ""child_organisations"": [""building-digital-uk"", ""office-for-artificial-intelligence"", ""centre-for-data-ethics-and-innovation"", ""geospatial-commission"", ""uk-council-for-internet-safety"", ""uk-space-agency"", ""government-office-for-science"", ""met-office"", ""ofcom"", ""phone-paid-services-authority"", ""information-commissioner-s-office"", ""office-for-life-sciences"", ""government-office-for-technology-transfer"", ""government-chemist"", ""research-collaboration-advice-team"", ""advanced-research-and-invention-agency"", ""intellectual-property-office"", ""uk-research-and-innovation"", ""ordnance-survey"", ""copyright-tribunal"", ""national-physical-laboratory"", ""uk-shared-business-services-ltd"", ""british-technology-investments-ltd"", ""ai-safety-institute"", ""regulatory-horizons-council"", ""government-digital-service"", ""central-digital-and-data-office"", ""incubator-for-artificial-intelligence"", ""office-for-digital-identities-and-attributes"", ""ai-security-institute"", ""regulatory-innovation-office""], ""logo_formatted_title"": ""Department for<br/>Science, Innovation<br/>&amp; Technology"", ""slug"": ""department-for-science-innovation-and-technology"", ""public_timestamp"": ""2025-08-22T13:12:15Z""}]"
2026-01-20T09:00:03Z,Treasury,AI Champions appointed to help City safely seize AI opportunities,"Two leading industry figures have been appointed to spearhead the rollout of artificial intelligence in financial services, as the government doubles down on seizing the opportunities of AI to drive growth, productivity and investment across the economy.  ",https://www.gov.uk/government/news/ai-champions-appointed-to-help-city-safely-seize-ai-opportunities,/government/news/ai-champions-appointed-to-help-city-safely-seize-ai-opportunities,news_story,,"[{""organisation_type"": ""ministerial_department"", ""organisation_state"": ""live"", ""superseding_organisations"": [], ""acronym"": ""HMT"", ""content_id"": ""1994e0e4-bd19-4966-bbd7-f293d6e90a6b"", ""link"": ""/government/organisations/hm-treasury"", ""parent_organisations"": [], ""superseded_organisations"": [], ""analytics_identifier"": ""D15"", ""title"": ""HM Treasury"", ""organisation_crest"": ""single-identity"", ""organisation_brand"": ""hm-treasury"", ""child_organisations"": [""uk-debt-management-office"", ""uk-financial-investments-limited"", ""office-for-budget-responsibility"", ""royal-mint"", ""ns-i"", ""royal-mint-advisory-committee"", ""the-crown-estate"", ""infrastructure-uk"", ""government-internal-audit-agency"", ""financial-conduct-authority"", ""payment-systems-regulator"", ""national-infrastructure-commission"", ""financial-services-trade-and-investment-board"", ""uk-government-investments"", ""office-of-financial-sanctions-implementation"", ""infrastructure-and-projects-authority"", ""government-actuarys-department"", ""uk-asset-resolution-limited"", ""government-finance-function"", ""reclaim-fund-ltd"", ""public-sector-fraud-authority"", ""office-of-tax-simplification"", ""uk-infrastructure-bank"", ""government-debt-management-function"", ""evaluation-task-force"", ""national-infrastructure-and-service-transformation-authority"", ""national-wealth-fund"", ""labour-market-evidence-group""], ""logo_formatted_title"": ""HM Treasury"", ""slug"": ""hm-treasury"", ""public_timestamp"": ""2025-11-26T14:37:58Z""}]"
2026-01-19T16:00:04Z,DSIT,Making government datasets ready for AI,Guidelines and best practices that will help make government datasets ready for AI and unlock the full potential of artificial intelligence.,https://www.gov.uk/government/publications/making-government-datasets-ready-for-ai,/government/publications/making-government-datasets-ready-for-ai,guidance,Guidance,"[{""organisation_type"": ""sub_organisation"", ""organisation_state"": ""live"", ""superseding_organisations"": [], ""acronym"": ""GDS"", ""content_id"": ""af07d5a5-df63-4ddc-9383-6a666845ebe9"", ""link"": ""/government/organisations/government-digital-service"", ""parent_organisations"": [""department-for-science-innovation-and-technology""], ""superseded_organisations"": [""geospatial-commission"", ""central-digital-and-data-office"", ""incubator-for-artificial-intelligence"", ""centre-for-data-ethics-and-innovation""], ""analytics_identifier"": ""OT1056"", ""title"": ""Government Digital Service"", ""organisation_crest"": ""gds"", ""organisation_brand"": ""government-digital-service"", ""child_organisations"": [], ""logo_formatted_title"": ""Government<br/>Digital Service"", ""slug"": ""government-digital-service"", ""public_timestamp"": ""2025-01-30T12:38:17Z""}, {""organisation_type"": ""ministerial_department"", ""organisation_state"": ""live"", ""superseding_organisations"": [], ""acronym"": ""DSIT"", ""content_id"": ""c352c234-8083-47ec-8a4b-0edd45c31263"", ""link"": ""/government/organisations/department-for-science-innovation-and-technology"", ""parent_organisations"": [], ""superseded_organisations"": [""department-for-digital-culture-media-sport"", ""department-for-business-energy-and-industrial-strategy"", ""centre-for-data-ethics-and-innovation"", ""office-for-artificial-intelligence"", ""building-digital-uk""], ""analytics_identifier"": ""D1381"", ""title"": ""Department for Science, Innovation and Technology"", ""organisation_crest"": ""single-identity"", ""organisation_brand"": ""department-for-science-innovation-technology"", ""child_organisations"": [""building-digital-uk"", ""office-for-artificial-intelligence"", ""centre-for-data-ethics-and-innovation"", ""geospatial-commission"", ""uk-council-for-internet-safety"", ""uk-space-agency"", ""government-office-for-science"", ""met-office"", ""ofcom"", ""phone-paid-services-authority"", ""information-commissioner-s-office"", ""office-for-life-sciences"", ""government-office-for-technology-transfer"", ""government-chemist"", ""research-collaboration-advice-team"", ""advanced-research-and-invention-agency"", ""intellectual-property-office"", ""uk-research-and-innovation"", ""ordnance-survey"", ""copyright-tribunal"", ""national-physical-laboratory"", ""uk-shared-business-services-ltd"", ""british-technology-investments-ltd"", ""ai-safety-institute"", ""regulatory-horizons-council"", ""government-digital-service"", ""central-digital-and-data-office"", ""incubator-for-artificial-intelligence"", ""office-for-digital-identities-and-attributes"", ""ai-security-institute"", ""regulatory-innovation-office""], ""logo_formatted_title"": ""Department for<br/>Science, Innovation<br/>&amp; Technology"", ""slug"": ""department-for-science-innovation-and-technology"", ""public_timestamp"": ""2025-08-22T13:12:15Z""}]"
2026-01-19T12:38:17Z,DfE,Generative AI: product safety standards,Guidance on the safety standards for generative AI products and systems developed for use in educational settings.,https://www.gov.uk/government/publications/generative-ai-product-safety-standards,/government/publications/generative-ai-product-safety-standards,guidance,Guidance,"[{""organisation_type"": ""ministerial_department"", ""organisation_state"": ""live"", ""superseding_organisations"": [], ""acronym"": ""DfE"", ""content_id"": ""ebd15ade-73b2-4eaf-b1c3-43034a42eb37"", ""link"": ""/government/organisations/department-for-education"", ""parent_organisations"": [], ""superseded_organisations"": [""department-for-children-schools-and-families"", ""national-college-for-teaching-and-leadership"", ""education-and-skills-funding-agency"", ""institute-for-apprenticeships-and-technical-education""], ""analytics_identifier"": ""D6"", ""title"": ""Department for Education"", ""organisation_crest"": ""single-identity"", ""organisation_brand"": ""department-for-education"", ""child_organisations"": [""education-funding-agency"", ""standards-and-testing-agency"", ""ofqual"", ""ofsted"", ""office-of-the-children-s-commissioner"", ""school-teachers-review-body"", ""social-mobility-and-child-poverty-commission"", ""national-college-for-teaching-and-leadership"", ""national-college-for-school-leadership"", ""schools-commissioners-group"", ""skills-funding-agency"", ""higher-education-funding-council-for-england"", ""office-for-fair-access"", ""student-loans-company"", ""uk-commission-for-employment-and-skills"", ""education-and-skills-funding-agency"", ""institute-for-apprenticeships"", ""located"", ""office-for-students"", ""teaching-regulation-agency"", ""independent-review-mechanism"", ""uk-council-for-internet-safety"", ""further-education-commissioner"", ""institute-for-apprenticeships-and-technical-education"", ""child-safeguarding-practice-review-panel"", ""regional-schools-commissioners"", ""social-work-england"", ""regional-department-for-education-dfe-directors"", ""office-of-the-schools-adjudicator"", ""oak-national-academy"", ""labour-market-evidence-group""], ""logo_formatted_title"": ""Department <br/>for Education"", ""slug"": ""department-for-education"", ""public_timestamp"": ""2025-05-19T12:00:35Z""}]"
2026-01-15T11:39:41Z,DSIT,AI for Science Strategy: UK universities' joint statement,UK universities support on shared objectives and lessons learned on AI for science.,https://www.gov.uk/government/publications/ai-for-science-strategy-uk-universities-joint-statement,/government/publications/ai-for-science-strategy-uk-universities-joint-statement,notice,Notice,"[{""organisation_type"": ""ministerial_department"", ""organisation_state"": ""live"", ""superseding_organisations"": [], ""acronym"": ""DSIT"", ""content_id"": ""c352c234-8083-47ec-8a4b-0edd45c31263"", ""link"": ""/government/organisations/department-for-science-innovation-and-technology"", ""parent_organisations"": [], ""superseded_organisations"": [""department-for-digital-culture-media-sport"", ""department-for-business-energy-and-industrial-strategy"", ""centre-for-data-ethics-and-innovation"", ""office-for-artificial-intelligence"", ""building-digital-uk""], ""analytics_identifier"": ""D1381"", ""title"": ""Department for Science, Innovation and Technology"", ""organisation_crest"": ""single-identity"", ""organisation_brand"": ""department-for-science-innovation-technology"", ""child_organisations"": [""building-digital-uk"", ""office-for-artificial-intelligence"", ""centre-for-data-ethics-and-innovation"", ""geospatial-commission"", ""uk-council-for-internet-safety"", ""uk-space-agency"", ""government-office-for-science"", ""met-office"", ""ofcom"", ""phone-paid-services-authority"", ""information-commissioner-s-office"", ""office-for-life-sciences"", ""government-office-for-technology-transfer"", ""government-chemist"", ""research-collaboration-advice-team"", ""advanced-research-and-invention-agency"", ""intellectual-property-office"", ""uk-research-and-innovation"", ""ordnance-survey"", ""copyright-tribunal"", ""national-physical-laboratory"", ""uk-shared-business-services-ltd"", ""british-technology-investments-ltd"", ""ai-safety-institute"", ""regulatory-horizons-council"", ""government-digital-service"", ""central-digital-and-data-office"", ""incubator-for-artificial-intelligence"", ""office-for-digital-identities-and-attributes"", ""ai-security-institute"", ""regulatory-innovation-office""], ""logo_formatted_title"": ""Department for<br/>Science, Innovation<br/>&amp; Technology"", ""slug"": ""department-for-science-innovation-and-technology"", ""public_timestamp"": ""2025-08-22T13:12:15Z""}]"
2026-01-14T00:00:00Z,Home_Office,Inspection of police forces’ contributions to safety advisory groups: West Midlands Police,Letter from HM Chief Inspector of Constabulary and HM Chief Inspector of Fire & Rescue Services to the Home Secretary on the inspection progress so far.  ,https://www.gov.uk/government/publications/inspection-of-police-forces-contributions-to-safety-advisory-groups-west-midlands-police,/government/publications/inspection-of-police-forces-contributions-to-safety-advisory-groups-west-midlands-police,correspondence,Correspondence,"[{""organisation_type"": ""ministerial_department"", ""organisation_state"": ""live"", ""superseding_organisations"": [], ""acronym"": ""Home Office"", ""content_id"": ""06056197-bc69-4147-aa28-070bca132178"", ""link"": ""/government/organisations/home-office"", ""parent_organisations"": [], ""superseded_organisations"": [""police-arbitration-tribunal"", ""police-discipline-appeals-tribunal""], ""analytics_identifier"": ""D16"", ""title"": ""Home Office"", ""organisation_crest"": ""ho"", ""organisation_brand"": ""home-office"", ""child_organisations"": [""hm-passport-office"", ""uk-border-agency"", ""office-of-the-immigration-services-commissioner"", ""security-industry-authority"", ""serious-organised-crime-agency"", ""national-fraud-authority"", ""advisory-council-on-the-misuse-of-drugs"", ""police-advisory-board-for-england-and-wales"", ""technical-advisory-board"", ""migration-advisory-committee"", ""national-dna-database-ethics-group"", ""police-arbitration-tribunal"", ""police-discipline-appeals-tribunal"", ""hm-inspectorate-of-constabulary"", ""the-security-service-mi5"", ""independent-police-complaint-commission"", ""office-of-surveillance-commissioners"", ""police-negotiating-board"", ""disclosure-and-barring-service"", ""independent-reviewer-of-terrorism-legislation"", ""intelligence-services-commissioner"", ""interception-of-communications-commissioner"", ""border-force"", ""animals-in-science-committee"", ""surveillance-camera-commissioner"", ""forensic-science-regulator"", ""uk-visas-and-immigration"", ""national-crime-agency-remuneration-review-body"", ""biometrics-commissioner"", ""gangmasters-licensing-authority"", ""immigration-enforcement"", ""national-counter-terrorism-security-office"", ""investigatory-powers-tribunal"", ""police-remuneration-review-body"", ""independent-family-returns-panel"", ""independent-anti-slavery-commissioner"", ""chief-fire-and-rescue-adviser-unit"", ""biometrics-and-forensics-ethics-group"", ""independent-chief-inspector-of-borders-and-immigration"", ""gangmasters-and-labour-abuse-authority"", ""college-of-policing"", ""hm-inspectorate-of-constabulary-and-fire-rescue-services"", ""independent-office-for-police-conduct"", ""commission-for-countering-extremism"", ""investigatory-powers-commissioners-office"", ""uk-council-for-internet-safety"", ""office-for-communications-data-authorisations"", ""the-adjudicator-s-office"", ""biometrics-and-surveillance-camera-commissioner"", ""accelerated-capability-environment"", ""office-for-the-independent-examiner-of-complaints"", ""immigration-advice-authority"", ""border-security-command"", ""science-and-technology-ethics-advisory-committee"", ""office-of-the-independent-prevent-commissioner"", ""labour-market-evidence-group"", ""office-of-the-windrush-commissioner""], ""logo_formatted_title"": ""Home Office"", ""slug"": ""home-office"", ""public_timestamp"": ""2024-07-23T12:54:13Z""}]"
2026-01-09T11:08:06Z,DBT,Backing your business: our plan for small and medium-sized businesses,Strategy setting out a long-term plan for government support for small and medium-sized businesses.,https://www.gov.uk/government/publications/backing-your-business-our-plan-for-small-and-medium-sized-businesses,/government/publications/backing-your-business-our-plan-for-small-and-medium-sized-businesses,policy_paper,Policy paper,"[{""organisation_type"": ""ministerial_department"", ""organisation_state"": ""live"", ""superseding_organisations"": [], ""acronym"": ""DBT"", ""content_id"": ""aa750cdf-7925-429d-a2b3-0d9fa47d2c48"", ""link"": ""/government/organisations/department-for-business-and-trade"", ""parent_organisations"": [], ""superseded_organisations"": [""department-for-international-trade"", ""department-for-business-energy-and-industrial-strategy""], ""analytics_identifier"": ""D1382"", ""title"": ""Department for Business and Trade"", ""organisation_crest"": ""dbt"", ""organisation_brand"": ""department-for-business-trade"", ""child_organisations"": [""groceries-code-adjudicator"", ""office-for-product-safety-and-standards"", ""central-arbitration-committee"", ""trade-remedies-authority"", ""export-control-joint-unit"", ""office-for-investment"", ""uk-national-contact-point"", ""uk-defence-and-security-exports"", ""competition-and-markets-authority"", ""acas"", ""british-business-bank"", ""financial-reporting-council"", ""insolvency-service"", ""competition-appeal-tribunal"", ""low-pay-commission"", ""pubs-code-adjudicator"", ""companies-house"", ""regulatory-policy-committee"", ""certification-officer"", ""small-business-commissioner"", ""competition-service"", ""british-hallmarking-council"", ""post-office"", ""centre-for-connected-and-autonomous-vehicles"", ""employment-agency-standards-inspectorate"", ""office-of-the-regulator-of-community-interest-companies"", ""office-of-manpower-economics"", ""office-of-trade-sanctions-implementation"", ""office-for-the-pay-review-bodies"", ""office-for-responsible-business-conduct"", ""labour-market-evidence-group"", ""fair-work-agency""], ""logo_formatted_title"": ""Department for<br/>Business &amp; Trade"", ""slug"": ""department-for-business-and-trade"", ""public_timestamp"": ""2025-06-13T14:04:47Z""}]"
2026-01-09T09:30:04Z,DBT,Corporate Power Purchase Agreements,This call for evidence seeks views on how to improve the GB Corporate Power Purchase Agreement market.,https://www.gov.uk/government/calls-for-evidence/corporate-power-purchase-agreements,/government/calls-for-evidence/corporate-power-purchase-agreements,open_call_for_evidence,,"[{""organisation_type"": ""ministerial_department"", ""organisation_state"": ""live"", ""superseding_organisations"": [], ""acronym"": ""DBT"", ""content_id"": ""aa750cdf-7925-429d-a2b3-0d9fa47d2c48"", ""link"": ""/government/organisations/department-for-business-and-trade"", ""parent_organisations"": [], ""superseded_organisations"": [""department-for-international-trade"", ""department-for-business-energy-and-industrial-strategy""], ""analytics_identifier"": ""D1382"", ""title"": ""Department for Business and Trade"", ""organisation_crest"": ""dbt"", ""organisation_brand"": ""department-for-business-trade"", ""child_organisations"": [""groceries-code-adjudicator"", ""office-for-product-safety-and-standards"", ""central-arbitration-committee"", ""trade-remedies-authority"", ""export-control-joint-unit"", ""office-for-investment"", ""uk-national-contact-point"", ""uk-defence-and-security-exports"", ""competition-and-markets-authority"", ""acas"", ""british-business-bank"", ""financial-reporting-council"", ""insolvency-service"", ""competition-appeal-tribunal"", ""low-pay-commission"", ""pubs-code-adjudicator"", ""companies-house"", ""regulatory-policy-committee"", ""certification-officer"", ""small-business-commissioner"", ""competition-service"", ""british-hallmarking-council"", ""post-office"", ""centre-for-connected-and-autonomous-vehicles"", ""employment-agency-standards-inspectorate"", ""office-of-the-regulator-of-community-interest-companies"", ""office-of-manpower-economics"", ""office-of-trade-sanctions-implementation"", ""office-for-the-pay-review-bodies"", ""office-for-responsible-business-conduct"", ""labour-market-evidence-group"", ""fair-work-agency""], ""logo_formatted_title"": ""Department for<br/>Business &amp; Trade"", ""slug"": ""department-for-business-and-trade"", ""public_timestamp"": ""2025-06-13T14:04:47Z""}, {""organisation_type"": ""ministerial_department"", ""organisation_state"": ""live"", ""superseding_organisations"": [], ""acronym"": ""DESNZ"", ""content_id"": ""6315817c-ef11-4905-bb4d-b6dca8e9052c"", ""link"": ""/government/organisations/department-for-energy-security-and-net-zero"", ""parent_organisations"": [], ""superseded_organisations"": [""department-for-business-energy-and-industrial-strategy""], ""analytics_identifier"": ""D1380"", ""title"": ""Department for Energy Security and Net Zero"", ""organisation_crest"": ""single-identity"", ""organisation_brand"": ""department-for-business-innovation-skills"", ""child_organisations"": [""nuclear-decommissioning-authority"", ""offshore-petroleum-regulator-for-environment-and-decommissioning"", ""ofgem"", ""civil-nuclear-police-authority"", ""the-coal-authority"", ""committee-on-climate-change"", ""salix-finance-ltd"", ""great-british-nuclear"", ""north-sea-transition-authority"", ""uk-atomic-energy-authority"", ""national-nuclear-laboratory"", ""low-carbon-contracts-company"", ""electricity-settlements-company"", ""office-for-zero-emission-vehicles"", ""great-british-energy"", ""national-energy-system-operator"", ""mining-remediation-authority"", ""great-british-energy-nuclear""], ""logo_formatted_title"": ""Department for<br/>Energy Security<br/>&amp; Net Zero"", ""slug"": ""department-for-energy-security-and-net-zero"", ""public_timestamp"": ""2024-11-21T09:51:30Z""}]"
2026-01-08T10:25:44Z,ICO,Memorandum of Understanding (MOU) between the Information Commissioner’s Office and HM Government,This MOU builds on and formalises the Information Commissioner's Office and HM Government's approach to working effectively in line with our respective roles to protect people’s information. It sets out an enduring framework and approach to co-operation and collaboration and is not intended to be exhaustive.,https://www.gov.uk/government/publications/memorandum-of-understanding-mou-between-the-information-commissioners-office-and-hm-government,/government/publications/memorandum-of-understanding-mou-between-the-information-commissioners-office-and-hm-government,guidance,Guidance,"[{""organisation_type"": ""ministerial_department"", ""organisation_state"": ""live"", ""superseding_organisations"": [], ""acronym"": """", ""content_id"": ""96ae61d6-c2a1-48cb-8e67-da9d105ae381"", ""link"": ""/government/organisations/cabinet-office"", ""parent_organisations"": [], ""superseded_organisations"": [""national-school-of-government""], ""analytics_identifier"": ""D2"", ""title"": ""Cabinet Office"", ""organisation_crest"": ""single-identity"", ""organisation_brand"": ""cabinet-office"", ""child_organisations"": [""the-committee-on-standards-in-public-life"", ""the-office-of-the-leader-of-the-house-of-commons"", ""advisory-committee-on-business-appointments"", ""house-of-lords-appointments-commission"", ""privy-council-office"", ""civil-service-commission"", ""security-vetting-appeals-panel"", ""review-body-on-senior-salaries"", ""office-of-the-leader-of-the-house-of-lords"", ""national-security"", ""efficiency-and-reform-group"", ""office-of-the-parliamentary-counsel"", ""commissioner-for-public-appointments"", ""mckay-commission"", ""prime-ministers-office-10-downing-street"", ""deputy-prime-ministers-office"", ""government-estates-management"", ""open-public-services"", ""crown-commercial-service"", ""civil-service"", ""social-mobility-and-child-poverty-commission"", ""office-of-the-registrar-of-consultant-lobbyists"", ""third-party-campaigning-review"", ""government-commercial-function"", ""cabinet-office-board"", ""infrastructure-and-projects-authority"", ""race-disparity-unit"", ""government-property-agency"", ""civil-service-fast-track-apprenticeship"", ""equality-and-human-rights-commission"", ""civil-service-group"", ""conflict-stability-and-security-fund"", ""government-equalities-office"", ""uk-statistics-authority"", ""national-leadership-centre"", ""civil-service-hr"", ""disability-unit"", ""united-kingdom-security-vetting"", ""government-property-function"", ""commission-on-race-and-ethnic-disparities"", ""government-skills-and-curriculum-unit"", ""the-equality-hub"", ""social-mobility-commission"", ""modernisation-and-reform"", ""leadership-college-for-government"", ""independent-adviser-on-ministers-interests"", ""corporate-officers-of-the-house-of-commons"", ""corporate-officers-of-the-house-of-lords"", ""uk-commission-on-covid-commemoration"", ""public-sector-fraud-authority"", ""government-people-group"", ""incubator-for-automation-and-innovation"", ""civil-service-government-operational-research-service"", ""the-queen-elizabeth-memorial-committee"", ""uk-integrated-security-fund"", ""evaluation-task-force"", ""government-skills"", ""office-for-equality-and-opportunity"", ""race-equality-unit"", ""women-and-equalities-unit"", ""uk-resilience-academy"", ""national-infrastructure-and-service-transformation-authority"", ""ethics-and-integrity-commission"", ""government-people-function"", ""the-infected-blood-memorial-committee""], ""logo_formatted_title"": ""Cabinet Office"", ""slug"": ""cabinet-office"", ""public_timestamp"": ""2023-06-09T13:54:07Z""}, {""organisation_type"": ""ministerial_department"", ""organisation_state"": ""live"", ""superseding_organisations"": [], ""acronym"": ""DSIT"", ""content_id"": ""c352c234-8083-47ec-8a4b-0edd45c31263"", ""link"": ""/government/organisations/department-for-science-innovation-and-technology"", ""parent_organisations"": [], ""superseded_organisations"": [""department-for-digital-culture-media-sport"", ""department-for-business-energy-and-industrial-strategy"", ""centre-for-data-ethics-and-innovation"", ""office-for-artificial-intelligence"", ""building-digital-uk""], ""analytics_identifier"": ""D1381"", ""title"": ""Department for Science, Innovation and Technology"", ""organisation_crest"": ""single-identity"", ""organisation_brand"": ""department-for-science-innovation-technology"", ""child_organisations"": [""building-digital-uk"", ""office-for-artificial-intelligence"", ""centre-for-data-ethics-and-innovation"", ""geospatial-commission"", ""uk-council-for-internet-safety"", ""uk-space-agency"", ""government-office-for-science"", ""met-office"", ""ofcom"", ""phone-paid-services-authority"", ""information-commissioner-s-office"", ""office-for-life-sciences"", ""government-office-for-technology-transfer"", ""government-chemist"", ""research-collaboration-advice-team"", ""advanced-research-and-invention-agency"", ""intellectual-property-office"", ""uk-research-and-innovation"", ""ordnance-survey"", ""copyright-tribunal"", ""national-physical-laboratory"", ""uk-shared-business-services-ltd"", ""british-technology-investments-ltd"", ""ai-safety-institute"", ""regulatory-horizons-council"", ""government-digital-service"", ""central-digital-and-data-office"", ""incubator-for-artificial-intelligence"", ""office-for-digital-identities-and-attributes"", ""ai-security-institute"", ""regulatory-innovation-office""], ""logo_formatted_title"": ""Department for<br/>Science, Innovation<br/>&amp; Technology"", ""slug"": ""department-for-science-innovation-and-technology"", ""public_timestamp"": ""2025-08-22T13:12:15Z""}, {""organisation_type"": ""executive_ndpb"", ""organisation_state"": ""exempt"", ""superseding_organisations"": [], ""acronym"": ""ICO"", ""content_id"": ""763d15dd-c454-4f5b-876d-838a6cfc2fae"", ""link"": ""/government/organisations/information-commissioner-s-office"", ""parent_organisations"": [""department-for-science-innovation-and-technology""], ""superseded_organisations"": [], ""analytics_identifier"": ""PB298"", ""title"": ""Information Commissioner's Office"", ""organisation_crest"": ""no-identity"", ""organisation_brand"": ""ministry-of-justice"", ""child_organisations"": [], ""logo_formatted_title"": ""Information Commissioner&#39;s Office"", ""slug"": ""information-commissioner-s-office"", ""public_timestamp"": ""2023-03-27T12:20:38Z""}]"
2026-01-06T17:24:41Z,Treasury,Remit and recommendations for the Financial Policy Committee: Budget 2025,Letter from the Chancellor of the Exchequer to the Governor of the Bank of England providing recommendations for the Financial Policy Committee (FPC).,https://www.gov.uk/government/publications/remit-and-recommendations-for-the-financial-policy-committee-budget-2025,/government/publications/remit-and-recommendations-for-the-financial-policy-committee-budget-2025,correspondence,Correspondence,"[{""organisation_type"": ""ministerial_department"", ""organisation_state"": ""live"", ""superseding_organisations"": [], ""acronym"": ""HMT"", ""content_id"": ""1994e0e4-bd19-4966-bbd7-f293d6e90a6b"", ""link"": ""/government/organisations/hm-treasury"", ""parent_organisations"": [], ""superseded_organisations"": [], ""analytics_identifier"": ""D15"", ""title"": ""HM Treasury"", ""organisation_crest"": ""single-identity"", ""organisation_brand"": ""hm-treasury"", ""child_organisations"": [""uk-debt-management-office"", ""uk-financial-investments-limited"", ""office-for-budget-responsibility"", ""royal-mint"", ""ns-i"", ""royal-mint-advisory-committee"", ""the-crown-estate"", ""infrastructure-uk"", ""government-internal-audit-agency"", ""financial-conduct-authority"", ""payment-systems-regulator"", ""national-infrastructure-commission"", ""financial-services-trade-and-investment-board"", ""uk-government-investments"", ""office-of-financial-sanctions-implementation"", ""infrastructure-and-projects-authority"", ""government-actuarys-department"", ""uk-asset-resolution-limited"", ""government-finance-function"", ""reclaim-fund-ltd"", ""public-sector-fraud-authority"", ""office-of-tax-simplification"", ""uk-infrastructure-bank"", ""government-debt-management-function"", ""evaluation-task-force"", ""national-infrastructure-and-service-transformation-authority"", ""national-wealth-fund"", ""labour-market-evidence-group""], ""logo_formatted_title"": ""HM Treasury"", ""slug"": ""hm-treasury"", ""public_timestamp"": ""2025-11-26T14:37:58Z""}]"
2026-01-05T11:43:55Z,Home_Office,UK anti-corruption strategy 2025,"Strategy to reduce the harm caused by corruption to growth, security and democracy in the UK, and to UK interests overseas.",https://www.gov.uk/government/publications/uk-anti-corruption-strategy-2025,/government/publications/uk-anti-corruption-strategy-2025,policy_paper,Policy paper,"[{""organisation_type"": ""ministerial_department"", ""organisation_state"": ""live"", ""superseding_organisations"": [], ""acronym"": ""Home Office"", ""content_id"": ""06056197-bc69-4147-aa28-070bca132178"", ""link"": ""/government/organisations/home-office"", ""parent_organisations"": [], ""superseded_organisations"": [""police-arbitration-tribunal"", ""police-discipline-appeals-tribunal""], ""analytics_identifier"": ""D16"", ""title"": ""Home Office"", ""organisation_crest"": ""ho"", ""organisation_brand"": ""home-office"", ""child_organisations"": [""hm-passport-office"", ""uk-border-agency"", ""office-of-the-immigration-services-commissioner"", ""security-industry-authority"", ""serious-organised-crime-agency"", ""national-fraud-authority"", ""advisory-council-on-the-misuse-of-drugs"", ""police-advisory-board-for-england-and-wales"", ""technical-advisory-board"", ""migration-advisory-committee"", ""national-dna-database-ethics-group"", ""police-arbitration-tribunal"", ""police-discipline-appeals-tribunal"", ""hm-inspectorate-of-constabulary"", ""the-security-service-mi5"", ""independent-police-complaint-commission"", ""office-of-surveillance-commissioners"", ""police-negotiating-board"", ""disclosure-and-barring-service"", ""independent-reviewer-of-terrorism-legislation"", ""intelligence-services-commissioner"", ""interception-of-communications-commissioner"", ""border-force"", ""animals-in-science-committee"", ""surveillance-camera-commissioner"", ""forensic-science-regulator"", ""uk-visas-and-immigration"", ""national-crime-agency-remuneration-review-body"", ""biometrics-commissioner"", ""gangmasters-licensing-authority"", ""immigration-enforcement"", ""national-counter-terrorism-security-office"", ""investigatory-powers-tribunal"", ""police-remuneration-review-body"", ""independent-family-returns-panel"", ""independent-anti-slavery-commissioner"", ""chief-fire-and-rescue-adviser-unit"", ""biometrics-and-forensics-ethics-group"", ""independent-chief-inspector-of-borders-and-immigration"", ""gangmasters-and-labour-abuse-authority"", ""college-of-policing"", ""hm-inspectorate-of-constabulary-and-fire-rescue-services"", ""independent-office-for-police-conduct"", ""commission-for-countering-extremism"", ""investigatory-powers-commissioners-office"", ""uk-council-for-internet-safety"", ""office-for-communications-data-authorisations"", ""the-adjudicator-s-office"", ""biometrics-and-surveillance-camera-commissioner"", ""accelerated-capability-environment"", ""office-for-the-independent-examiner-of-complaints"", ""immigration-advice-authority"", ""border-security-command"", ""science-and-technology-ethics-advisory-committee"", ""office-of-the-independent-prevent-commissioner"", ""labour-market-evidence-group"", ""office-of-the-windrush-commissioner""], ""logo_formatted_title"": ""Home Office"", ""slug"": ""home-office"", ""public_timestamp"": ""2024-07-23T12:54:13Z""}]"
2025-12-29T22:30:00Z,DBT,New Year Honours 2026: Department for Business and Trade,Recipients on the New Year 2026 Honours List sponsored by the Department for Business and Trade (DBT).,https://www.gov.uk/government/publications/new-year-honours-2026-department-for-business-and-trade,/government/publications/new-year-honours-2026-department-for-business-and-trade,transparency,Transparency data,"[{""organisation_type"": ""ministerial_department"", ""organisation_state"": ""live"", ""superseding_organisations"": [], ""acronym"": ""DBT"", ""content_id"": ""aa750cdf-7925-429d-a2b3-0d9fa47d2c48"", ""link"": ""/government/organisations/department-for-business-and-trade"", ""parent_organisations"": [], ""superseded_organisations"": [""department-for-international-trade"", ""department-for-business-energy-and-industrial-strategy""], ""analytics_identifier"": ""D1382"", ""title"": ""Department for Business and Trade"", ""organisation_crest"": ""dbt"", ""organisation_brand"": ""department-for-business-trade"", ""child_organisations"": [""groceries-code-adjudicator"", ""office-for-product-safety-and-standards"", ""central-arbitration-committee"", ""trade-remedies-authority"", ""export-control-joint-unit"", ""office-for-investment"", ""uk-national-contact-point"", ""uk-defence-and-security-exports"", ""competition-and-markets-authority"", ""acas"", ""british-business-bank"", ""financial-reporting-council"", ""insolvency-service"", ""competition-appeal-tribunal"", ""low-pay-commission"", ""pubs-code-adjudicator"", ""companies-house"", ""regulatory-policy-committee"", ""certification-officer"", ""small-business-commissioner"", ""competition-service"", ""british-hallmarking-council"", ""post-office"", ""centre-for-connected-and-autonomous-vehicles"", ""employment-agency-standards-inspectorate"", ""office-of-the-regulator-of-community-interest-companies"", ""office-of-manpower-economics"", ""office-of-trade-sanctions-implementation"", ""office-for-the-pay-review-bodies"", ""office-for-responsible-business-conduct"", ""labour-market-evidence-group"", ""fair-work-agency""], ""logo_formatted_title"": ""Department for<br/>Business &amp; Trade"", ""slug"": ""department-for-business-and-trade"", ""public_timestamp"": ""2025-06-13T14:04:47Z""}]"
2025-12-29T10:38:43Z,DBT,Enforcement Policy Statement – Employment Agency Standards (EAS) Inspectorate,The general regulatory principles of the EAS Inspectorate.,https://www.gov.uk/government/publications/enforcement-policy-statement-employment-agency-standards-eas-inspectorate,/government/publications/enforcement-policy-statement-employment-agency-standards-eas-inspectorate,corporate_report,Corporate report,"[{""organisation_type"": ""ministerial_department"", ""organisation_state"": ""live"", ""superseding_organisations"": [], ""acronym"": ""DBT"", ""content_id"": ""aa750cdf-7925-429d-a2b3-0d9fa47d2c48"", ""link"": ""/government/organisations/department-for-business-and-trade"", ""parent_organisations"": [], ""superseded_organisations"": [""department-for-international-trade"", ""department-for-business-energy-and-industrial-strategy""], ""analytics_identifier"": ""D1382"", ""title"": ""Department for Business and Trade"", ""organisation_crest"": ""dbt"", ""organisation_brand"": ""department-for-business-trade"", ""child_organisations"": [""groceries-code-adjudicator"", ""office-for-product-safety-and-standards"", ""central-arbitration-committee"", ""trade-remedies-authority"", ""export-control-joint-unit"", ""office-for-investment"", ""uk-national-contact-point"", ""uk-defence-and-security-exports"", ""competition-and-markets-authority"", ""acas"", ""british-business-bank"", ""financial-reporting-council"", ""insolvency-service"", ""competition-appeal-tribunal"", ""low-pay-commission"", ""pubs-code-adjudicator"", ""companies-house"", ""regulatory-policy-committee"", ""certification-officer"", ""small-business-commissioner"", ""competition-service"", ""british-hallmarking-council"", ""post-office"", ""centre-for-connected-and-autonomous-vehicles"", ""employment-agency-standards-inspectorate"", ""office-of-the-regulator-of-community-interest-companies"", ""office-of-manpower-economics"", ""office-of-trade-sanctions-implementation"", ""office-for-the-pay-review-bodies"", ""office-for-responsible-business-conduct"", ""labour-market-evidence-group"", ""fair-work-agency""], ""logo_formatted_title"": ""Department for<br/>Business &amp; Trade"", ""slug"": ""department-for-business-and-trade"", ""public_timestamp"": ""2025-06-13T14:04:47Z""}]"
2025-12-28T22:30:00Z,DSIT,Faster treatments and support for health workers as AI tackles A&E bottlenecks,"AI tool helping 50 NHS organisations predict A&E demand this winter, speeding up patient care as government delivers on building an NHS fit for the future.",https://www.gov.uk/government/news/faster-treatments-and-support-for-health-workers-as-ai-tackles-ae-bottlenecks,/government/news/faster-treatments-and-support-for-health-workers-as-ai-tackles-ae-bottlenecks,press_release,,"[{""organisation_type"": ""ministerial_department"", ""organisation_state"": ""live"", ""superseding_organisations"": [], ""acronym"": ""DSIT"", ""content_id"": ""c352c234-8083-47ec-8a4b-0edd45c31263"", ""link"": ""/government/organisations/department-for-science-innovation-and-technology"", ""parent_organisations"": [], ""superseded_organisations"": [""department-for-digital-culture-media-sport"", ""department-for-business-energy-and-industrial-strategy"", ""centre-for-data-ethics-and-innovation"", ""office-for-artificial-intelligence"", ""building-digital-uk""], ""analytics_identifier"": ""D1381"", ""title"": ""Department for Science, Innovation and Technology"", ""organisation_crest"": ""single-identity"", ""organisation_brand"": ""department-for-science-innovation-technology"", ""child_organisations"": [""building-digital-uk"", ""office-for-artificial-intelligence"", ""centre-for-data-ethics-and-innovation"", ""geospatial-commission"", ""uk-council-for-internet-safety"", ""uk-space-agency"", ""government-office-for-science"", ""met-office"", ""ofcom"", ""phone-paid-services-authority"", ""information-commissioner-s-office"", ""office-for-life-sciences"", ""government-office-for-technology-transfer"", ""government-chemist"", ""research-collaboration-advice-team"", ""advanced-research-and-invention-agency"", ""intellectual-property-office"", ""uk-research-and-innovation"", ""ordnance-survey"", ""copyright-tribunal"", ""national-physical-laboratory"", ""uk-shared-business-services-ltd"", ""british-technology-investments-ltd"", ""ai-safety-institute"", ""regulatory-horizons-council"", ""government-digital-service"", ""central-digital-and-data-office"", ""incubator-for-artificial-intelligence"", ""office-for-digital-identities-and-attributes"", ""ai-security-institute"", ""regulatory-innovation-office""], ""logo_formatted_title"": ""Department for<br/>Science, Innovation<br/>&amp; Technology"", ""slug"": ""department-for-science-innovation-and-technology"", ""public_timestamp"": ""2025-08-22T13:12:15Z""}, {""organisation_type"": ""ministerial_department"", ""organisation_state"": ""live"", ""superseding_organisations"": [], ""acronym"": ""DHSC"", ""content_id"": ""7cd6bf12-bbe9-4118-8523-f927b0442156"", ""link"": ""/government/organisations/department-of-health-and-social-care"", ""parent_organisations"": [], ""superseded_organisations"": [], ""analytics_identifier"": ""D12"", ""title"": ""Department of Health and Social Care"", ""organisation_crest"": ""single-identity"", ""organisation_brand"": ""department-of-health"", ""child_organisations"": [""medicines-and-healthcare-products-regulatory-agency"", ""care-quality-commission"", ""human-fertilisation-and-embryology-authority"", ""human-tissue-authority"", ""monitor"", ""national-institute-for-clinical-excellence"", ""public-health-england"", ""health-research-authority"", ""nhs-trust-development-authority"", ""nhs-blood-and-transplant"", ""nhs-england"", ""nhs-litigation-authority"", ""advisory-committee-on-clinical-excellence-awards"", ""administration-of-radioactive-substances-advisory-committee"", ""british-pharmacopoeia"", ""commission-on-human-medicines"", ""committee-on-mutagenicity-of-chemicals-in-food-consumer-products-and-the-environment"", ""independent-reconfiguration-panel"", ""review-body-on-doctors-and-dentists-remuneration"", ""nhs-pay-review-body"", ""investigation-into-the-role-of-jimmy-savile-at-broadmoor-hospital"", ""health-and-social-care-information-centre"", ""health-education-england"", ""office-for-life-sciences"", ""morecambe-bay-investigation"", ""national-information-board"", ""accelerated-access-review"", ""national-data-guardian"", ""porton-biopharma-limited"", ""nhs-improvement"", ""nhs-digital"", ""nhs-counter-fraud-authority"", ""nhs-resolution"", ""uk-national-screening-committee"", ""uk-health-security-agency"", ""office-for-health-improvement-and-disparities"", ""advisory-committee-on-clinical-impact-awards"", ""nhs-business-services-authority"", ""health-services-safety-investigations-body""], ""logo_formatted_title"": ""Department<br/>of Health &amp;<br/>Social Care"", ""slug"": ""department-of-health-and-social-care"", ""public_timestamp"": ""2023-08-03T07:33:01Z""}]"
2025-12-22T14:05:09Z,DSIT,DWP: CMG Return Letters processing,A computer vision tool used to extract the address and reference number from return letters.,https://www.gov.uk/algorithmic-transparency-records/dwp-cmg-return-letters-processing,/algorithmic-transparency-records/dwp-cmg-return-letters-processing,algorithmic_transparency_record,,"[{""organisation_type"": ""ministerial_department"", ""organisation_state"": ""live"", ""superseding_organisations"": [], ""acronym"": """", ""content_id"": ""96ae61d6-c2a1-48cb-8e67-da9d105ae381"", ""link"": ""/government/organisations/cabinet-office"", ""parent_organisations"": [], ""superseded_organisations"": [""national-school-of-government""], ""analytics_identifier"": ""D2"", ""title"": ""Cabinet Office"", ""organisation_crest"": ""single-identity"", ""organisation_brand"": ""cabinet-office"", ""child_organisations"": [""the-committee-on-standards-in-public-life"", ""the-office-of-the-leader-of-the-house-of-commons"", ""advisory-committee-on-business-appointments"", ""house-of-lords-appointments-commission"", ""privy-council-office"", ""civil-service-commission"", ""security-vetting-appeals-panel"", ""review-body-on-senior-salaries"", ""office-of-the-leader-of-the-house-of-lords"", ""national-security"", ""efficiency-and-reform-group"", ""office-of-the-parliamentary-counsel"", ""commissioner-for-public-appointments"", ""mckay-commission"", ""prime-ministers-office-10-downing-street"", ""deputy-prime-ministers-office"", ""government-estates-management"", ""open-public-services"", ""crown-commercial-service"", ""civil-service"", ""social-mobility-and-child-poverty-commission"", ""office-of-the-registrar-of-consultant-lobbyists"", ""third-party-campaigning-review"", ""government-commercial-function"", ""cabinet-office-board"", ""infrastructure-and-projects-authority"", ""race-disparity-unit"", ""government-property-agency"", ""civil-service-fast-track-apprenticeship"", ""equality-and-human-rights-commission"", ""civil-service-group"", ""conflict-stability-and-security-fund"", ""government-equalities-office"", ""uk-statistics-authority"", ""national-leadership-centre"", ""civil-service-hr"", ""disability-unit"", ""united-kingdom-security-vetting"", ""government-property-function"", ""commission-on-race-and-ethnic-disparities"", ""government-skills-and-curriculum-unit"", ""the-equality-hub"", ""social-mobility-commission"", ""modernisation-and-reform"", ""leadership-college-for-government"", ""independent-adviser-on-ministers-interests"", ""corporate-officers-of-the-house-of-commons"", ""corporate-officers-of-the-house-of-lords"", ""uk-commission-on-covid-commemoration"", ""public-sector-fraud-authority"", ""government-people-group"", ""incubator-for-automation-and-innovation"", ""civil-service-government-operational-research-service"", ""the-queen-elizabeth-memorial-committee"", ""uk-integrated-security-fund"", ""evaluation-task-force"", ""government-skills"", ""office-for-equality-and-opportunity"", ""race-equality-unit"", ""women-and-equalities-unit"", ""uk-resilience-academy"", ""national-infrastructure-and-service-transformation-authority"", ""ethics-and-integrity-commission"", ""government-people-function"", ""the-infected-blood-memorial-committee""], ""logo_formatted_title"": ""Cabinet Office"", ""slug"": ""cabinet-office"", ""public_timestamp"": ""2023-06-09T13:54:07Z""}, {""organisation_type"": ""ministerial_department"", ""organisation_state"": ""live"", ""superseding_organisations"": [], ""acronym"": ""DSIT"", ""content_id"": ""c352c234-8083-47ec-8a4b-0edd45c31263"", ""link"": ""/government/organisations/department-for-science-innovation-and-technology"", ""parent_organisations"": [], ""superseded_organisations"": [""department-for-digital-culture-media-sport"", ""department-for-business-energy-and-industrial-strategy"", ""centre-for-data-ethics-and-innovation"", ""office-for-artificial-intelligence"", ""building-digital-uk""], ""analytics_identifier"": ""D1381"", ""title"": ""Department for Science, Innovation and Technology"", ""organisation_crest"": ""single-identity"", ""organisation_brand"": ""department-for-science-innovation-technology"", ""child_organisations"": [""building-digital-uk"", ""office-for-artificial-intelligence"", ""centre-for-data-ethics-and-innovation"", ""geospatial-commission"", ""uk-council-for-internet-safety"", ""uk-space-agency"", ""government-office-for-science"", ""met-office"", ""ofcom"", ""phone-paid-services-authority"", ""information-commissioner-s-office"", ""office-for-life-sciences"", ""government-office-for-technology-transfer"", ""government-chemist"", ""research-collaboration-advice-team"", ""advanced-research-and-invention-agency"", ""intellectual-property-office"", ""uk-research-and-innovation"", ""ordnance-survey"", ""copyright-tribunal"", ""national-physical-laboratory"", ""uk-shared-business-services-ltd"", ""british-technology-investments-ltd"", ""ai-safety-institute"", ""regulatory-horizons-council"", ""government-digital-service"", ""central-digital-and-data-office"", ""incubator-for-artificial-intelligence"", ""office-for-digital-identities-and-attributes"", ""ai-security-institute"", ""regulatory-innovation-office""], ""logo_formatted_title"": ""Department for<br/>Science, Innovation<br/>&amp; Technology"", ""slug"": ""department-for-science-innovation-and-technology"", ""public_timestamp"": ""2025-08-22T13:12:15Z""}, {""organisation_type"": ""sub_organisation"", ""organisation_state"": ""live"", ""superseding_organisations"": [], ""acronym"": ""GDS"", ""content_id"": ""af07d5a5-df63-4ddc-9383-6a666845ebe9"", ""link"": ""/government/organisations/government-digital-service"", ""parent_organisations"": [""department-for-science-innovation-and-technology""], ""superseded_organisations"": [""geospatial-commission"", ""central-digital-and-data-office"", ""incubator-for-artificial-intelligence"", ""centre-for-data-ethics-and-innovation""], ""analytics_identifier"": ""OT1056"", ""title"": ""Government Digital Service"", ""organisation_crest"": ""gds"", ""organisation_brand"": ""government-digital-service"", ""child_organisations"": [], ""logo_formatted_title"": ""Government<br/>Digital Service"", ""slug"": ""government-digital-service"", ""public_timestamp"": ""2025-01-30T12:38:17Z""}]"
2025-12-22T13:59:02Z,DBT,Boom lifts and baubles: keeping Britain’s festive spirit aloft,UK launches anti-dumping and anti-subsidy investigation into imported boom lifts to defend British manufacturers.,https://www.gov.uk/government/news/boom-lifts-and-baubles-keeping-britains-festive-spirit-aloft,/government/news/boom-lifts-and-baubles-keeping-britains-festive-spirit-aloft,press_release,,"[{""organisation_type"": ""ministerial_department"", ""organisation_state"": ""live"", ""superseding_organisations"": [], ""acronym"": ""DBT"", ""content_id"": ""aa750cdf-7925-429d-a2b3-0d9fa47d2c48"", ""link"": ""/government/organisations/department-for-business-and-trade"", ""parent_organisations"": [], ""superseded_organisations"": [""department-for-international-trade"", ""department-for-business-energy-and-industrial-strategy""], ""analytics_identifier"": ""D1382"", ""title"": ""Department for Business and Trade"", ""organisation_crest"": ""dbt"", ""organisation_brand"": ""department-for-business-trade"", ""child_organisations"": [""groceries-code-adjudicator"", ""office-for-product-safety-and-standards"", ""central-arbitration-committee"", ""trade-remedies-authority"", ""export-control-joint-unit"", ""office-for-investment"", ""uk-national-contact-point"", ""uk-defence-and-security-exports"", ""competition-and-markets-authority"", ""acas"", ""british-business-bank"", ""financial-reporting-council"", ""insolvency-service"", ""competition-appeal-tribunal"", ""low-pay-commission"", ""pubs-code-adjudicator"", ""companies-house"", ""regulatory-policy-committee"", ""certification-officer"", ""small-business-commissioner"", ""competition-service"", ""british-hallmarking-council"", ""post-office"", ""centre-for-connected-and-autonomous-vehicles"", ""employment-agency-standards-inspectorate"", ""office-of-the-regulator-of-community-interest-companies"", ""office-of-manpower-economics"", ""office-of-trade-sanctions-implementation"", ""office-for-the-pay-review-bodies"", ""office-for-responsible-business-conduct"", ""labour-market-evidence-group"", ""fair-work-agency""], ""logo_formatted_title"": ""Department for<br/>Business &amp; Trade"", ""slug"": ""department-for-business-and-trade"", ""public_timestamp"": ""2025-06-13T14:04:47Z""}, {""organisation_type"": ""executive_ndpb"", ""organisation_state"": ""live"", ""superseding_organisations"": [], ""acronym"": """", ""content_id"": ""649fc487-7d9d-4c44-828e-bfb5abea94f7"", ""link"": ""/government/organisations/trade-remedies-authority"", ""parent_organisations"": [""department-for-business-and-trade""], ""superseded_organisations"": [""trade-remedies-investigations-directorate""], ""analytics_identifier"": ""PB1327"", ""title"": ""Trade Remedies Authority"", ""organisation_crest"": ""dbt"", ""organisation_brand"": ""department-for-business-trade"", ""child_organisations"": [], ""logo_formatted_title"": ""Trade Remedies Authority"", ""slug"": ""trade-remedies-authority"", ""public_timestamp"": ""2025-04-23T13:27:51Z""}]"
2025-12-22T11:31:12Z,Treasury,Personal information charter,"This information charter sets out the standards you can expect from HM Treasury (HMT) when we collect, hold, or use your personal information. ",https://www.gov.uk/government/organisations/hm-treasury/about/personal-information-charter,/government/organisations/hm-treasury/about/personal-information-charter,personal_information_charter,,"[{""organisation_type"": ""ministerial_department"", ""organisation_state"": ""live"", ""superseding_organisations"": [], ""acronym"": ""HMT"", ""content_id"": ""1994e0e4-bd19-4966-bbd7-f293d6e90a6b"", ""link"": ""/government/organisations/hm-treasury"", ""parent_organisations"": [], ""superseded_organisations"": [], ""analytics_identifier"": ""D15"", ""title"": ""HM Treasury"", ""organisation_crest"": ""single-identity"", ""organisation_brand"": ""hm-treasury"", ""child_organisations"": [""uk-debt-management-office"", ""uk-financial-investments-limited"", ""office-for-budget-responsibility"", ""royal-mint"", ""ns-i"", ""royal-mint-advisory-committee"", ""the-crown-estate"", ""infrastructure-uk"", ""government-internal-audit-agency"", ""financial-conduct-authority"", ""payment-systems-regulator"", ""national-infrastructure-commission"", ""financial-services-trade-and-investment-board"", ""uk-government-investments"", ""office-of-financial-sanctions-implementation"", ""infrastructure-and-projects-authority"", ""government-actuarys-department"", ""uk-asset-resolution-limited"", ""government-finance-function"", ""reclaim-fund-ltd"", ""public-sector-fraud-authority"", ""office-of-tax-simplification"", ""uk-infrastructure-bank"", ""government-debt-management-function"", ""evaluation-task-force"", ""national-infrastructure-and-service-transformation-authority"", ""national-wealth-fund"", ""labour-market-evidence-group""], ""logo_formatted_title"": ""HM Treasury"", ""slug"": ""hm-treasury"", ""public_timestamp"": ""2025-11-26T14:37:58Z""}]"
2025-12-22T11:28:38Z,Treasury,Correspondence Privacy Notice,This Privacy Notice should be read alongside HM Treasury’s (HMT’s) Personal Information Charter. ,https://www.gov.uk/government/publications/correspondence-privacy-notice,/government/publications/correspondence-privacy-notice,guidance,Guidance,"[{""organisation_type"": ""ministerial_department"", ""organisation_state"": ""live"", ""superseding_organisations"": [], ""acronym"": ""HMT"", ""content_id"": ""1994e0e4-bd19-4966-bbd7-f293d6e90a6b"", ""link"": ""/government/organisations/hm-treasury"", ""parent_organisations"": [], ""superseded_organisations"": [], ""analytics_identifier"": ""D15"", ""title"": ""HM Treasury"", ""organisation_crest"": ""single-identity"", ""organisation_brand"": ""hm-treasury"", ""child_organisations"": [""uk-debt-management-office"", ""uk-financial-investments-limited"", ""office-for-budget-responsibility"", ""royal-mint"", ""ns-i"", ""royal-mint-advisory-committee"", ""the-crown-estate"", ""infrastructure-uk"", ""government-internal-audit-agency"", ""financial-conduct-authority"", ""payment-systems-regulator"", ""national-infrastructure-commission"", ""financial-services-trade-and-investment-board"", ""uk-government-investments"", ""office-of-financial-sanctions-implementation"", ""infrastructure-and-projects-authority"", ""government-actuarys-department"", ""uk-asset-resolution-limited"", ""government-finance-function"", ""reclaim-fund-ltd"", ""public-sector-fraud-authority"", ""office-of-tax-simplification"", ""uk-infrastructure-bank"", ""government-debt-management-function"", ""evaluation-task-force"", ""national-infrastructure-and-service-transformation-authority"", ""national-wealth-fund"", ""labour-market-evidence-group""], ""logo_formatted_title"": ""HM Treasury"", ""slug"": ""hm-treasury"", ""public_timestamp"": ""2025-11-26T14:37:58Z""}]"
2025-12-18T10:57:07Z,DfE,UK Education Ministers Council communiqué: 13 November 2025,Attendees and discussion points at the meeting of the Interministerial Group for Education on 13 November 2025.,https://www.gov.uk/government/publications/uk-education-ministers-council-communique-13-november-2025,/government/publications/uk-education-ministers-council-communique-13-november-2025,policy_paper,Policy paper,"[{""organisation_type"": ""ministerial_department"", ""organisation_state"": ""live"", ""superseding_organisations"": [], ""acronym"": ""DfE"", ""content_id"": ""ebd15ade-73b2-4eaf-b1c3-43034a42eb37"", ""link"": ""/government/organisations/department-for-education"", ""parent_organisations"": [], ""superseded_organisations"": [""department-for-children-schools-and-families"", ""national-college-for-teaching-and-leadership"", ""education-and-skills-funding-agency"", ""institute-for-apprenticeships-and-technical-education""], ""analytics_identifier"": ""D6"", ""title"": ""Department for Education"", ""organisation_crest"": ""single-identity"", ""organisation_brand"": ""department-for-education"", ""child_organisations"": [""education-funding-agency"", ""standards-and-testing-agency"", ""ofqual"", ""ofsted"", ""office-of-the-children-s-commissioner"", ""school-teachers-review-body"", ""social-mobility-and-child-poverty-commission"", ""national-college-for-teaching-and-leadership"", ""national-college-for-school-leadership"", ""schools-commissioners-group"", ""skills-funding-agency"", ""higher-education-funding-council-for-england"", ""office-for-fair-access"", ""student-loans-company"", ""uk-commission-for-employment-and-skills"", ""education-and-skills-funding-agency"", ""institute-for-apprenticeships"", ""located"", ""office-for-students"", ""teaching-regulation-agency"", ""independent-review-mechanism"", ""uk-council-for-internet-safety"", ""further-education-commissioner"", ""institute-for-apprenticeships-and-technical-education"", ""child-safeguarding-practice-review-panel"", ""regional-schools-commissioners"", ""social-work-england"", ""regional-department-for-education-dfe-directors"", ""office-of-the-schools-adjudicator"", ""oak-national-academy"", ""labour-market-evidence-group""], ""logo_formatted_title"": ""Department <br/>for Education"", ""slug"": ""department-for-education"", ""public_timestamp"": ""2025-05-19T12:00:35Z""}, {""organisation_type"": ""devolved_administration"", ""organisation_state"": ""exempt"", ""superseding_organisations"": [], ""acronym"": ""The Scottish Government"", ""content_id"": ""f4eaf4ab-3bf0-4c6e-b35c-852eaaa695d9"", ""link"": ""/government/organisations/the-scottish-government"", ""parent_organisations"": [], ""superseded_organisations"": [""creative-scotland"", ""information-services-division-scotland"", ""national-records-of-scotland"", ""national-museums-of-scotland"", ""scottish-law-commission"", ""scottish-sports-council"", ""scottish-office""], ""analytics_identifier"": ""DA1020"", ""title"": ""The Scottish Government"", ""organisation_crest"": ""no-identity"", ""child_organisations"": [""uk-co-ordinating-body"", ""animal-and-plant-health-agency"", ""uk-national-screening-committee""], ""logo_formatted_title"": ""Scottish <br/>Government"", ""slug"": ""the-scottish-government"", ""public_timestamp"": ""2025-02-13T16:28:56Z""}, {""organisation_type"": ""devolved_administration"", ""organisation_state"": ""exempt"", ""logo_url"": ""https://assets.publishing.service.gov.uk/media/6814c1213c3bba3526f03b67/welsh-government-300x285.png"", ""superseding_organisations"": [], ""acronym"": """", ""content_id"": ""cb0a039c-a89d-4143-8277-67e18c16c6bf"", ""link"": ""/government/organisations/welsh-government"", ""parent_organisations"": [], ""superseded_organisations"": [""public-health-wales"", ""arts-council-of-wales"", ""further-and-higher-education-funding-councils-for-wales"", ""hybu-cig-cymru-meat-promotion-wales"", ""sports-council-for-wales"", ""estyn"", ""careers-wales"", ""natural-resources-wales"", ""nhs-wales-informatics-service"", ""welsh-language-commissioner""], ""analytics_identifier"": ""DA1019"", ""title"": ""Welsh Government"", ""organisation_crest"": ""custom"", ""child_organisations"": [""uk-co-ordinating-body"", ""natural-resources-wales"", ""careers-wales"", ""animal-and-plant-health-agency"", ""uk-national-screening-committee"", ""arts-council-of-wales"", ""sports-council-for-wales"", ""flood-and-coastal-erosion-risk-management-research-and-development-programme""], ""logo_formatted_title"": ""Welsh<br/>Government"", ""slug"": ""welsh-government"", ""public_timestamp"": ""2025-05-02T12:57:05Z""}, {""organisation_type"": ""other"", ""organisation_state"": ""exempt"", ""superseding_organisations"": [""northern-ireland-executive""], ""acronym"": ""DE (NI)"", ""content_id"": ""b2590ca4-2e95-48a5-96bf-88e0548920f7"", ""link"": ""/government/organisations/department-of-education"", ""parent_organisations"": [""northern-ireland-executive""], ""superseded_organisations"": [], ""analytics_identifier"": ""D585"", ""title"": ""Department of Education (Northern Ireland)"", ""organisation_crest"": ""single-identity"", ""child_organisations"": [""northern-ireland-council-for-the-curriculum-examinations-and-assessment""], ""logo_formatted_title"": ""Department of Education (Northern Ireland)"", ""slug"": ""department-of-education"", ""public_timestamp"": ""2024-11-25T15:35:07Z""}, {""organisation_type"": ""other"", ""organisation_state"": ""exempt"", ""superseding_organisations"": [], ""acronym"": ""DfE (NI)"", ""content_id"": ""5c817b46-039f-4c4a-ac63-b28c1c2feb59"", ""link"": ""/government/organisations/department-for-the-economy-northern-ireland"", ""parent_organisations"": [""northern-ireland-executive""], ""superseded_organisations"": [""department-of-enterprise-trade-and-investment""], ""analytics_identifier"": ""OT1174"", ""title"": ""Department for the Economy (Northern Ireland)"", ""organisation_crest"": ""single-identity"", ""child_organisations"": [""labour-relations-agency"", ""invest-northern-ireland""], ""logo_formatted_title"": ""Department for <br/>the Economy<br/>(Northern Ireland)"", ""slug"": ""department-for-the-economy-northern-ireland"", ""public_timestamp"": ""2024-11-25T15:34:59Z""}]"
2025-12-16T16:00:04Z,Cabinet_Office,"Cabinet Office annual statement on compliance with the Concordat to Support Research Integrity, 2024-2025",This statement summarises the Cabinet Office’s activities in support of research integrity over the financial year 2024-2025.,https://www.gov.uk/government/publications/cabinet-office-annual-statement-on-compliance-with-the-concordat-to-support-research-integrity-2024-2025,/government/publications/cabinet-office-annual-statement-on-compliance-with-the-concordat-to-support-research-integrity-2024-2025,transparency,Transparency data,"[{""organisation_type"": ""ministerial_department"", ""organisation_state"": ""live"", ""superseding_organisations"": [], ""acronym"": """", ""content_id"": ""96ae61d6-c2a1-48cb-8e67-da9d105ae381"", ""link"": ""/government/organisations/cabinet-office"", ""parent_organisations"": [], ""superseded_organisations"": [""national-school-of-government""], ""analytics_identifier"": ""D2"", ""title"": ""Cabinet Office"", ""organisation_crest"": ""single-identity"", ""organisation_brand"": ""cabinet-office"", ""child_organisations"": [""the-committee-on-standards-in-public-life"", ""the-office-of-the-leader-of-the-house-of-commons"", ""advisory-committee-on-business-appointments"", ""house-of-lords-appointments-commission"", ""privy-council-office"", ""civil-service-commission"", ""security-vetting-appeals-panel"", ""review-body-on-senior-salaries"", ""office-of-the-leader-of-the-house-of-lords"", ""national-security"", ""efficiency-and-reform-group"", ""office-of-the-parliamentary-counsel"", ""commissioner-for-public-appointments"", ""mckay-commission"", ""prime-ministers-office-10-downing-street"", ""deputy-prime-ministers-office"", ""government-estates-management"", ""open-public-services"", ""crown-commercial-service"", ""civil-service"", ""social-mobility-and-child-poverty-commission"", ""office-of-the-registrar-of-consultant-lobbyists"", ""third-party-campaigning-review"", ""government-commercial-function"", ""cabinet-office-board"", ""infrastructure-and-projects-authority"", ""race-disparity-unit"", ""government-property-agency"", ""civil-service-fast-track-apprenticeship"", ""equality-and-human-rights-commission"", ""civil-service-group"", ""conflict-stability-and-security-fund"", ""government-equalities-office"", ""uk-statistics-authority"", ""national-leadership-centre"", ""civil-service-hr"", ""disability-unit"", ""united-kingdom-security-vetting"", ""government-property-function"", ""commission-on-race-and-ethnic-disparities"", ""government-skills-and-curriculum-unit"", ""the-equality-hub"", ""social-mobility-commission"", ""modernisation-and-reform"", ""leadership-college-for-government"", ""independent-adviser-on-ministers-interests"", ""corporate-officers-of-the-house-of-commons"", ""corporate-officers-of-the-house-of-lords"", ""uk-commission-on-covid-commemoration"", ""public-sector-fraud-authority"", ""government-people-group"", ""incubator-for-automation-and-innovation"", ""civil-service-government-operational-research-service"", ""the-queen-elizabeth-memorial-committee"", ""uk-integrated-security-fund"", ""evaluation-task-force"", ""government-skills"", ""office-for-equality-and-opportunity"", ""race-equality-unit"", ""women-and-equalities-unit"", ""uk-resilience-academy"", ""national-infrastructure-and-service-transformation-authority"", ""ethics-and-integrity-commission"", ""government-people-function"", ""the-infected-blood-memorial-committee""], ""logo_formatted_title"": ""Cabinet Office"", ""slug"": ""cabinet-office"", ""public_timestamp"": ""2023-06-09T13:54:07Z""}]"
2025-12-16T12:09:30Z,Cabinet_Office,FCDO: Correspondence Triage,A tool to triage incoming correspondence for the correspondence team to ensure teams receive and respond more quickly to incoming communications.,https://www.gov.uk/algorithmic-transparency-records/fcdo-correspondence-triage,/algorithmic-transparency-records/fcdo-correspondence-triage,algorithmic_transparency_record,,"[{""organisation_type"": ""ministerial_department"", ""organisation_state"": ""live"", ""superseding_organisations"": [], ""acronym"": """", ""content_id"": ""96ae61d6-c2a1-48cb-8e67-da9d105ae381"", ""link"": ""/government/organisations/cabinet-office"", ""parent_organisations"": [], ""superseded_organisations"": [""national-school-of-government""], ""analytics_identifier"": ""D2"", ""title"": ""Cabinet Office"", ""organisation_crest"": ""single-identity"", ""organisation_brand"": ""cabinet-office"", ""child_organisations"": [""the-committee-on-standards-in-public-life"", ""the-office-of-the-leader-of-the-house-of-commons"", ""advisory-committee-on-business-appointments"", ""house-of-lords-appointments-commission"", ""privy-council-office"", ""civil-service-commission"", ""security-vetting-appeals-panel"", ""review-body-on-senior-salaries"", ""office-of-the-leader-of-the-house-of-lords"", ""national-security"", ""efficiency-and-reform-group"", ""office-of-the-parliamentary-counsel"", ""commissioner-for-public-appointments"", ""mckay-commission"", ""prime-ministers-office-10-downing-street"", ""deputy-prime-ministers-office"", ""government-estates-management"", ""open-public-services"", ""crown-commercial-service"", ""civil-service"", ""social-mobility-and-child-poverty-commission"", ""office-of-the-registrar-of-consultant-lobbyists"", ""third-party-campaigning-review"", ""government-commercial-function"", ""cabinet-office-board"", ""infrastructure-and-projects-authority"", ""race-disparity-unit"", ""government-property-agency"", ""civil-service-fast-track-apprenticeship"", ""equality-and-human-rights-commission"", ""civil-service-group"", ""conflict-stability-and-security-fund"", ""government-equalities-office"", ""uk-statistics-authority"", ""national-leadership-centre"", ""civil-service-hr"", ""disability-unit"", ""united-kingdom-security-vetting"", ""government-property-function"", ""commission-on-race-and-ethnic-disparities"", ""government-skills-and-curriculum-unit"", ""the-equality-hub"", ""social-mobility-commission"", ""modernisation-and-reform"", ""leadership-college-for-government"", ""independent-adviser-on-ministers-interests"", ""corporate-officers-of-the-house-of-commons"", ""corporate-officers-of-the-house-of-lords"", ""uk-commission-on-covid-commemoration"", ""public-sector-fraud-authority"", ""government-people-group"", ""incubator-for-automation-and-innovation"", ""civil-service-government-operational-research-service"", ""the-queen-elizabeth-memorial-committee"", ""uk-integrated-security-fund"", ""evaluation-task-force"", ""government-skills"", ""office-for-equality-and-opportunity"", ""race-equality-unit"", ""women-and-equalities-unit"", ""uk-resilience-academy"", ""national-infrastructure-and-service-transformation-authority"", ""ethics-and-integrity-commission"", ""government-people-function"", ""the-infected-blood-memorial-committee""], ""logo_formatted_title"": ""Cabinet Office"", ""slug"": ""cabinet-office"", ""public_timestamp"": ""2023-06-09T13:54:07Z""}, {""organisation_type"": ""ministerial_department"", ""organisation_state"": ""live"", ""superseding_organisations"": [], ""acronym"": ""DSIT"", ""content_id"": ""c352c234-8083-47ec-8a4b-0edd45c31263"", ""link"": ""/government/organisations/department-for-science-innovation-and-technology"", ""parent_organisations"": [], ""superseded_organisations"": [""department-for-digital-culture-media-sport"", ""department-for-business-energy-and-industrial-strategy"", ""centre-for-data-ethics-and-innovation"", ""office-for-artificial-intelligence"", ""building-digital-uk""], ""analytics_identifier"": ""D1381"", ""title"": ""Department for Science, Innovation and Technology"", ""organisation_crest"": ""single-identity"", ""organisation_brand"": ""department-for-science-innovation-technology"", ""child_organisations"": [""building-digital-uk"", ""office-for-artificial-intelligence"", ""centre-for-data-ethics-and-innovation"", ""geospatial-commission"", ""uk-council-for-internet-safety"", ""uk-space-agency"", ""government-office-for-science"", ""met-office"", ""ofcom"", ""phone-paid-services-authority"", ""information-commissioner-s-office"", ""office-for-life-sciences"", ""government-office-for-technology-transfer"", ""government-chemist"", ""research-collaboration-advice-team"", ""advanced-research-and-invention-agency"", ""intellectual-property-office"", ""uk-research-and-innovation"", ""ordnance-survey"", ""copyright-tribunal"", ""national-physical-laboratory"", ""uk-shared-business-services-ltd"", ""british-technology-investments-ltd"", ""ai-safety-institute"", ""regulatory-horizons-council"", ""government-digital-service"", ""central-digital-and-data-office"", ""incubator-for-artificial-intelligence"", ""office-for-digital-identities-and-attributes"", ""ai-security-institute"", ""regulatory-innovation-office""], ""logo_formatted_title"": ""Department for<br/>Science, Innovation<br/>&amp; Technology"", ""slug"": ""department-for-science-innovation-and-technology"", ""public_timestamp"": ""2025-08-22T13:12:15Z""}, {""organisation_type"": ""sub_organisation"", ""organisation_state"": ""live"", ""superseding_organisations"": [], ""acronym"": ""GDS"", ""content_id"": ""af07d5a5-df63-4ddc-9383-6a666845ebe9"", ""link"": ""/government/organisations/government-digital-service"", ""parent_organisations"": [""department-for-science-innovation-and-technology""], ""superseded_organisations"": [""geospatial-commission"", ""central-digital-and-data-office"", ""incubator-for-artificial-intelligence"", ""centre-for-data-ethics-and-innovation""], ""analytics_identifier"": ""OT1056"", ""title"": ""Government Digital Service"", ""organisation_crest"": ""gds"", ""organisation_brand"": ""government-digital-service"", ""child_organisations"": [], ""logo_formatted_title"": ""Government<br/>Digital Service"", ""slug"": ""government-digital-service"", ""public_timestamp"": ""2025-01-30T12:38:17Z""}]"
2025-12-16T11:50:49Z,DSIT,DSIT - Parlex,Parlex is parliamentary intelligence tool that enables civil servants to more efficiently search and understand parliamentary activity.,https://www.gov.uk/algorithmic-transparency-records/dsit-parlex,/algorithmic-transparency-records/dsit-parlex,algorithmic_transparency_record,,"[{""organisation_type"": ""ministerial_department"", ""organisation_state"": ""live"", ""superseding_organisations"": [], ""acronym"": """", ""content_id"": ""96ae61d6-c2a1-48cb-8e67-da9d105ae381"", ""link"": ""/government/organisations/cabinet-office"", ""parent_organisations"": [], ""superseded_organisations"": [""national-school-of-government""], ""analytics_identifier"": ""D2"", ""title"": ""Cabinet Office"", ""organisation_crest"": ""single-identity"", ""organisation_brand"": ""cabinet-office"", ""child_organisations"": [""the-committee-on-standards-in-public-life"", ""the-office-of-the-leader-of-the-house-of-commons"", ""advisory-committee-on-business-appointments"", ""house-of-lords-appointments-commission"", ""privy-council-office"", ""civil-service-commission"", ""security-vetting-appeals-panel"", ""review-body-on-senior-salaries"", ""office-of-the-leader-of-the-house-of-lords"", ""national-security"", ""efficiency-and-reform-group"", ""office-of-the-parliamentary-counsel"", ""commissioner-for-public-appointments"", ""mckay-commission"", ""prime-ministers-office-10-downing-street"", ""deputy-prime-ministers-office"", ""government-estates-management"", ""open-public-services"", ""crown-commercial-service"", ""civil-service"", ""social-mobility-and-child-poverty-commission"", ""office-of-the-registrar-of-consultant-lobbyists"", ""third-party-campaigning-review"", ""government-commercial-function"", ""cabinet-office-board"", ""infrastructure-and-projects-authority"", ""race-disparity-unit"", ""government-property-agency"", ""civil-service-fast-track-apprenticeship"", ""equality-and-human-rights-commission"", ""civil-service-group"", ""conflict-stability-and-security-fund"", ""government-equalities-office"", ""uk-statistics-authority"", ""national-leadership-centre"", ""civil-service-hr"", ""disability-unit"", ""united-kingdom-security-vetting"", ""government-property-function"", ""commission-on-race-and-ethnic-disparities"", ""government-skills-and-curriculum-unit"", ""the-equality-hub"", ""social-mobility-commission"", ""modernisation-and-reform"", ""leadership-college-for-government"", ""independent-adviser-on-ministers-interests"", ""corporate-officers-of-the-house-of-commons"", ""corporate-officers-of-the-house-of-lords"", ""uk-commission-on-covid-commemoration"", ""public-sector-fraud-authority"", ""government-people-group"", ""incubator-for-automation-and-innovation"", ""civil-service-government-operational-research-service"", ""the-queen-elizabeth-memorial-committee"", ""uk-integrated-security-fund"", ""evaluation-task-force"", ""government-skills"", ""office-for-equality-and-opportunity"", ""race-equality-unit"", ""women-and-equalities-unit"", ""uk-resilience-academy"", ""national-infrastructure-and-service-transformation-authority"", ""ethics-and-integrity-commission"", ""government-people-function"", ""the-infected-blood-memorial-committee""], ""logo_formatted_title"": ""Cabinet Office"", ""slug"": ""cabinet-office"", ""public_timestamp"": ""2023-06-09T13:54:07Z""}, {""organisation_type"": ""ministerial_department"", ""organisation_state"": ""live"", ""superseding_organisations"": [], ""acronym"": ""DSIT"", ""content_id"": ""c352c234-8083-47ec-8a4b-0edd45c31263"", ""link"": ""/government/organisations/department-for-science-innovation-and-technology"", ""parent_organisations"": [], ""superseded_organisations"": [""department-for-digital-culture-media-sport"", ""department-for-business-energy-and-industrial-strategy"", ""centre-for-data-ethics-and-innovation"", ""office-for-artificial-intelligence"", ""building-digital-uk""], ""analytics_identifier"": ""D1381"", ""title"": ""Department for Science, Innovation and Technology"", ""organisation_crest"": ""single-identity"", ""organisation_brand"": ""department-for-science-innovation-technology"", ""child_organisations"": [""building-digital-uk"", ""office-for-artificial-intelligence"", ""centre-for-data-ethics-and-innovation"", ""geospatial-commission"", ""uk-council-for-internet-safety"", ""uk-space-agency"", ""government-office-for-science"", ""met-office"", ""ofcom"", ""phone-paid-services-authority"", ""information-commissioner-s-office"", ""office-for-life-sciences"", ""government-office-for-technology-transfer"", ""government-chemist"", ""research-collaboration-advice-team"", ""advanced-research-and-invention-agency"", ""intellectual-property-office"", ""uk-research-and-innovation"", ""ordnance-survey"", ""copyright-tribunal"", ""national-physical-laboratory"", ""uk-shared-business-services-ltd"", ""british-technology-investments-ltd"", ""ai-safety-institute"", ""regulatory-horizons-council"", ""government-digital-service"", ""central-digital-and-data-office"", ""incubator-for-artificial-intelligence"", ""office-for-digital-identities-and-attributes"", ""ai-security-institute"", ""regulatory-innovation-office""], ""logo_formatted_title"": ""Department for<br/>Science, Innovation<br/>&amp; Technology"", ""slug"": ""department-for-science-innovation-and-technology"", ""public_timestamp"": ""2025-08-22T13:12:15Z""}, {""organisation_type"": ""sub_organisation"", ""organisation_state"": ""live"", ""superseding_organisations"": [], ""acronym"": ""GDS"", ""content_id"": ""af07d5a5-df63-4ddc-9383-6a666845ebe9"", ""link"": ""/government/organisations/government-digital-service"", ""parent_organisations"": [""department-for-science-innovation-and-technology""], ""superseded_organisations"": [""geospatial-commission"", ""central-digital-and-data-office"", ""incubator-for-artificial-intelligence"", ""centre-for-data-ethics-and-innovation""], ""analytics_identifier"": ""OT1056"", ""title"": ""Government Digital Service"", ""organisation_crest"": ""gds"", ""organisation_brand"": ""government-digital-service"", ""child_organisations"": [], ""logo_formatted_title"": ""Government<br/>Digital Service"", ""slug"": ""government-digital-service"", ""public_timestamp"": ""2025-01-30T12:38:17Z""}]"
2025-12-15T11:41:23Z,DSIT,Copyright and AI technical working group: terms of reference,Terms of reference for the technical working group on copyright and artificial intelligence (AI).,https://www.gov.uk/government/publications/copyright-and-ai-technical-working-group-terms-of-reference,/government/publications/copyright-and-ai-technical-working-group-terms-of-reference,transparency,Transparency data,"[{""organisation_type"": ""ministerial_department"", ""organisation_state"": ""live"", ""superseding_organisations"": [], ""acronym"": ""DSIT"", ""content_id"": ""c352c234-8083-47ec-8a4b-0edd45c31263"", ""link"": ""/government/organisations/department-for-science-innovation-and-technology"", ""parent_organisations"": [], ""superseded_organisations"": [""department-for-digital-culture-media-sport"", ""department-for-business-energy-and-industrial-strategy"", ""centre-for-data-ethics-and-innovation"", ""office-for-artificial-intelligence"", ""building-digital-uk""], ""analytics_identifier"": ""D1381"", ""title"": ""Department for Science, Innovation and Technology"", ""organisation_crest"": ""single-identity"", ""organisation_brand"": ""department-for-science-innovation-technology"", ""child_organisations"": [""building-digital-uk"", ""office-for-artificial-intelligence"", ""centre-for-data-ethics-and-innovation"", ""geospatial-commission"", ""uk-council-for-internet-safety"", ""uk-space-agency"", ""government-office-for-science"", ""met-office"", ""ofcom"", ""phone-paid-services-authority"", ""information-commissioner-s-office"", ""office-for-life-sciences"", ""government-office-for-technology-transfer"", ""government-chemist"", ""research-collaboration-advice-team"", ""advanced-research-and-invention-agency"", ""intellectual-property-office"", ""uk-research-and-innovation"", ""ordnance-survey"", ""copyright-tribunal"", ""national-physical-laboratory"", ""uk-shared-business-services-ltd"", ""british-technology-investments-ltd"", ""ai-safety-institute"", ""regulatory-horizons-council"", ""government-digital-service"", ""central-digital-and-data-office"", ""incubator-for-artificial-intelligence"", ""office-for-digital-identities-and-attributes"", ""ai-security-institute"", ""regulatory-innovation-office""], ""logo_formatted_title"": ""Department for<br/>Science, Innovation<br/>&amp; Technology"", ""slug"": ""department-for-science-innovation-and-technology"", ""public_timestamp"": ""2025-08-22T13:12:15Z""}, {""organisation_type"": ""ministerial_department"", ""organisation_state"": ""live"", ""superseding_organisations"": [], ""acronym"": ""DCMS"", ""content_id"": ""ae9ef2e1-9de0-4ff8-b560-e6ac28a6205c"", ""link"": ""/government/organisations/department-for-culture-media-and-sport"", ""parent_organisations"": [], ""superseded_organisations"": [""department-for-digital-culture-media-sport""], ""analytics_identifier"": ""D1383"", ""title"": ""Department for Culture, Media and Sport"", ""organisation_crest"": ""single-identity"", ""organisation_brand"": ""department-for-culture-media-sport"", ""child_organisations"": [""charity-commission"", ""the-national-archives"", ""arts-council-england"", ""british-film-institute"", ""british-library"", ""british-museum"", ""gambling-commission"", ""geffrye-museum"", ""historic-england"", ""horniman-museum"", ""horserace-betting-levy-board"", ""imperial-war-museum"", ""national-gallery"", ""national-heritage-memorial-fund"", ""the-national-lottery-community-fund"", ""national-museums-liverpool"", ""national-portrait-gallery"", ""natural-history-museum"", ""royal-armouries-museum"", ""royal-museums-greenwich"", ""science-museum-group"", ""sir-john-soane-s-museum"", ""sport-england"", ""sports-grounds-safety-authority"", ""tate"", ""uk-anti-doping"", ""uk-sport"", ""victoria-and-albert-museum"", ""visitbritain"", ""visitengland"", ""wallace-collection"", ""the-advisory-council-on-national-records-and-archives"", ""the-reviewing-committee-on-the-export-of-works-of-art-and-objects-of-cultural-interest"", ""the-theatres-trust"", ""treasure-valuation-committee"", ""bbc"", ""channel-4"", ""historic-royal-palaces"", ""royal-parks"", ""churches-conservation-trust"", ""national-citizen-service"", ""s4c"", ""independent-football-regulator""], ""logo_formatted_title"": ""Department <br/>for Culture,<br/>Media &amp; Sport"", ""slug"": ""department-for-culture-media-and-sport"", ""public_timestamp"": ""2026-01-26T12:53:30Z""}, {""organisation_type"": ""executive_agency"", ""organisation_state"": ""live"", ""superseding_organisations"": [], ""acronym"": ""IPO"", ""content_id"": ""5d6f9583-991f-413d-ae83-be7274e5eae4"", ""link"": ""/government/organisations/intellectual-property-office"", ""parent_organisations"": [""department-for-science-innovation-and-technology""], ""superseded_organisations"": [], ""analytics_identifier"": ""EA34"", ""title"": ""Intellectual Property Office"", ""organisation_crest"": ""single-identity"", ""organisation_brand"": ""department-for-business-innovation-skills"", ""child_organisations"": [""company-names-tribunal""], ""logo_formatted_title"": ""Intellectual<br/>Property <br/>Office"", ""slug"": ""intellectual-property-office"", ""public_timestamp"": ""2025-09-22T09:06:59Z""}]"
2025-12-15T11:38:04Z,DSIT,Copyright and artificial intelligence: progress report,"A progress report on the use of copyright works in the development of AI systems, under Section 137 of the Data (Use and Access) Act. ",https://www.gov.uk/government/publications/copyright-and-artificial-intelligence-progress-report,/government/publications/copyright-and-artificial-intelligence-progress-report,policy_paper,Policy paper,"[{""organisation_type"": ""ministerial_department"", ""organisation_state"": ""live"", ""superseding_organisations"": [], ""acronym"": ""DSIT"", ""content_id"": ""c352c234-8083-47ec-8a4b-0edd45c31263"", ""link"": ""/government/organisations/department-for-science-innovation-and-technology"", ""parent_organisations"": [], ""superseded_organisations"": [""department-for-digital-culture-media-sport"", ""department-for-business-energy-and-industrial-strategy"", ""centre-for-data-ethics-and-innovation"", ""office-for-artificial-intelligence"", ""building-digital-uk""], ""analytics_identifier"": ""D1381"", ""title"": ""Department for Science, Innovation and Technology"", ""organisation_crest"": ""single-identity"", ""organisation_brand"": ""department-for-science-innovation-technology"", ""child_organisations"": [""building-digital-uk"", ""office-for-artificial-intelligence"", ""centre-for-data-ethics-and-innovation"", ""geospatial-commission"", ""uk-council-for-internet-safety"", ""uk-space-agency"", ""government-office-for-science"", ""met-office"", ""ofcom"", ""phone-paid-services-authority"", ""information-commissioner-s-office"", ""office-for-life-sciences"", ""government-office-for-technology-transfer"", ""government-chemist"", ""research-collaboration-advice-team"", ""advanced-research-and-invention-agency"", ""intellectual-property-office"", ""uk-research-and-innovation"", ""ordnance-survey"", ""copyright-tribunal"", ""national-physical-laboratory"", ""uk-shared-business-services-ltd"", ""british-technology-investments-ltd"", ""ai-safety-institute"", ""regulatory-horizons-council"", ""government-digital-service"", ""central-digital-and-data-office"", ""incubator-for-artificial-intelligence"", ""office-for-digital-identities-and-attributes"", ""ai-security-institute"", ""regulatory-innovation-office""], ""logo_formatted_title"": ""Department for<br/>Science, Innovation<br/>&amp; Technology"", ""slug"": ""department-for-science-innovation-and-technology"", ""public_timestamp"": ""2025-08-22T13:12:15Z""}, {""organisation_type"": ""ministerial_department"", ""organisation_state"": ""live"", ""superseding_organisations"": [], ""acronym"": ""DCMS"", ""content_id"": ""ae9ef2e1-9de0-4ff8-b560-e6ac28a6205c"", ""link"": ""/government/organisations/department-for-culture-media-and-sport"", ""parent_organisations"": [], ""superseded_organisations"": [""department-for-digital-culture-media-sport""], ""analytics_identifier"": ""D1383"", ""title"": ""Department for Culture, Media and Sport"", ""organisation_crest"": ""single-identity"", ""organisation_brand"": ""department-for-culture-media-sport"", ""child_organisations"": [""charity-commission"", ""the-national-archives"", ""arts-council-england"", ""british-film-institute"", ""british-library"", ""british-museum"", ""gambling-commission"", ""geffrye-museum"", ""historic-england"", ""horniman-museum"", ""horserace-betting-levy-board"", ""imperial-war-museum"", ""national-gallery"", ""national-heritage-memorial-fund"", ""the-national-lottery-community-fund"", ""national-museums-liverpool"", ""national-portrait-gallery"", ""natural-history-museum"", ""royal-armouries-museum"", ""royal-museums-greenwich"", ""science-museum-group"", ""sir-john-soane-s-museum"", ""sport-england"", ""sports-grounds-safety-authority"", ""tate"", ""uk-anti-doping"", ""uk-sport"", ""victoria-and-albert-museum"", ""visitbritain"", ""visitengland"", ""wallace-collection"", ""the-advisory-council-on-national-records-and-archives"", ""the-reviewing-committee-on-the-export-of-works-of-art-and-objects-of-cultural-interest"", ""the-theatres-trust"", ""treasure-valuation-committee"", ""bbc"", ""channel-4"", ""historic-royal-palaces"", ""royal-parks"", ""churches-conservation-trust"", ""national-citizen-service"", ""s4c"", ""independent-football-regulator""], ""logo_formatted_title"": ""Department <br/>for Culture,<br/>Media &amp; Sport"", ""slug"": ""department-for-culture-media-and-sport"", ""public_timestamp"": ""2026-01-26T12:53:30Z""}, {""organisation_type"": ""executive_agency"", ""organisation_state"": ""live"", ""superseding_organisations"": [], ""acronym"": ""IPO"", ""content_id"": ""5d6f9583-991f-413d-ae83-be7274e5eae4"", ""link"": ""/government/organisations/intellectual-property-office"", ""parent_organisations"": [""department-for-science-innovation-and-technology""], ""superseded_organisations"": [], ""analytics_identifier"": ""EA34"", ""title"": ""Intellectual Property Office"", ""organisation_crest"": ""single-identity"", ""organisation_brand"": ""department-for-business-innovation-skills"", ""child_organisations"": [""company-names-tribunal""], ""logo_formatted_title"": ""Intellectual<br/>Property <br/>Office"", ""slug"": ""intellectual-property-office"", ""public_timestamp"": ""2025-09-22T09:06:59Z""}]"
2025-12-15T10:06:27Z,Home_Office,UK national statement to UNCAC 2025,The UK's national statement to the United Nations Convention Against Corruption (UNCAC) sets out our priorities and achievements in combatting corruption.,https://www.gov.uk/government/publications/uk-national-statement-to-uncac-2025,/government/publications/uk-national-statement-to-uncac-2025,correspondence,Correspondence,"[{""organisation_type"": ""ministerial_department"", ""organisation_state"": ""live"", ""superseding_organisations"": [], ""acronym"": ""Home Office"", ""content_id"": ""06056197-bc69-4147-aa28-070bca132178"", ""link"": ""/government/organisations/home-office"", ""parent_organisations"": [], ""superseded_organisations"": [""police-arbitration-tribunal"", ""police-discipline-appeals-tribunal""], ""analytics_identifier"": ""D16"", ""title"": ""Home Office"", ""organisation_crest"": ""ho"", ""organisation_brand"": ""home-office"", ""child_organisations"": [""hm-passport-office"", ""uk-border-agency"", ""office-of-the-immigration-services-commissioner"", ""security-industry-authority"", ""serious-organised-crime-agency"", ""national-fraud-authority"", ""advisory-council-on-the-misuse-of-drugs"", ""police-advisory-board-for-england-and-wales"", ""technical-advisory-board"", ""migration-advisory-committee"", ""national-dna-database-ethics-group"", ""police-arbitration-tribunal"", ""police-discipline-appeals-tribunal"", ""hm-inspectorate-of-constabulary"", ""the-security-service-mi5"", ""independent-police-complaint-commission"", ""office-of-surveillance-commissioners"", ""police-negotiating-board"", ""disclosure-and-barring-service"", ""independent-reviewer-of-terrorism-legislation"", ""intelligence-services-commissioner"", ""interception-of-communications-commissioner"", ""border-force"", ""animals-in-science-committee"", ""surveillance-camera-commissioner"", ""forensic-science-regulator"", ""uk-visas-and-immigration"", ""national-crime-agency-remuneration-review-body"", ""biometrics-commissioner"", ""gangmasters-licensing-authority"", ""immigration-enforcement"", ""national-counter-terrorism-security-office"", ""investigatory-powers-tribunal"", ""police-remuneration-review-body"", ""independent-family-returns-panel"", ""independent-anti-slavery-commissioner"", ""chief-fire-and-rescue-adviser-unit"", ""biometrics-and-forensics-ethics-group"", ""independent-chief-inspector-of-borders-and-immigration"", ""gangmasters-and-labour-abuse-authority"", ""college-of-policing"", ""hm-inspectorate-of-constabulary-and-fire-rescue-services"", ""independent-office-for-police-conduct"", ""commission-for-countering-extremism"", ""investigatory-powers-commissioners-office"", ""uk-council-for-internet-safety"", ""office-for-communications-data-authorisations"", ""the-adjudicator-s-office"", ""biometrics-and-surveillance-camera-commissioner"", ""accelerated-capability-environment"", ""office-for-the-independent-examiner-of-complaints"", ""immigration-advice-authority"", ""border-security-command"", ""science-and-technology-ethics-advisory-committee"", ""office-of-the-independent-prevent-commissioner"", ""labour-market-evidence-group"", ""office-of-the-windrush-commissioner""], ""logo_formatted_title"": ""Home Office"", ""slug"": ""home-office"", ""public_timestamp"": ""2024-07-23T12:54:13Z""}]"
2025-12-12T00:01:02Z,DSIT,Stronger tech ties and international agreements on AI to modernise public services and reduce costs for Britons as UK Tech Minister wraps Canada visit,Technology Minister Ian Murray returns from the latest G7 Ministerial gathering in Canada with strengthened tech ties and new agreements in key areas. ,https://www.gov.uk/government/news/stronger-tech-ties-and-international-agreements-on-ai-to-modernise-public-services-and-reduce-costs-for-britons-as-uk-tech-minister-wraps-canada-visit,/government/news/stronger-tech-ties-and-international-agreements-on-ai-to-modernise-public-services-and-reduce-costs-for-britons-as-uk-tech-minister-wraps-canada-visit,press_release,,"[{""organisation_type"": ""ministerial_department"", ""organisation_state"": ""live"", ""superseding_organisations"": [], ""acronym"": ""DSIT"", ""content_id"": ""c352c234-8083-47ec-8a4b-0edd45c31263"", ""link"": ""/government/organisations/department-for-science-innovation-and-technology"", ""parent_organisations"": [], ""superseded_organisations"": [""department-for-digital-culture-media-sport"", ""department-for-business-energy-and-industrial-strategy"", ""centre-for-data-ethics-and-innovation"", ""office-for-artificial-intelligence"", ""building-digital-uk""], ""analytics_identifier"": ""D1381"", ""title"": ""Department for Science, Innovation and Technology"", ""organisation_crest"": ""single-identity"", ""organisation_brand"": ""department-for-science-innovation-technology"", ""child_organisations"": [""building-digital-uk"", ""office-for-artificial-intelligence"", ""centre-for-data-ethics-and-innovation"", ""geospatial-commission"", ""uk-council-for-internet-safety"", ""uk-space-agency"", ""government-office-for-science"", ""met-office"", ""ofcom"", ""phone-paid-services-authority"", ""information-commissioner-s-office"", ""office-for-life-sciences"", ""government-office-for-technology-transfer"", ""government-chemist"", ""research-collaboration-advice-team"", ""advanced-research-and-invention-agency"", ""intellectual-property-office"", ""uk-research-and-innovation"", ""ordnance-survey"", ""copyright-tribunal"", ""national-physical-laboratory"", ""uk-shared-business-services-ltd"", ""british-technology-investments-ltd"", ""ai-safety-institute"", ""regulatory-horizons-council"", ""government-digital-service"", ""central-digital-and-data-office"", ""incubator-for-artificial-intelligence"", ""office-for-digital-identities-and-attributes"", ""ai-security-institute"", ""regulatory-innovation-office""], ""logo_formatted_title"": ""Department for<br/>Science, Innovation<br/>&amp; Technology"", ""slug"": ""department-for-science-innovation-and-technology"", ""public_timestamp"": ""2025-08-22T13:12:15Z""}]"
2025-12-11T11:31:19Z,Home_Office,Response to the report on the terrorism acts in 2023,The government response to the Independent Reviewer of Terrorism Legislation’s report on the operation of the terrorism acts in 2023.,https://www.gov.uk/government/publications/response-to-the-report-on-the-terrorism-acts-in-2023,/government/publications/response-to-the-report-on-the-terrorism-acts-in-2023,policy_paper,Policy paper,"[{""organisation_type"": ""ministerial_department"", ""organisation_state"": ""live"", ""superseding_organisations"": [], ""acronym"": ""Home Office"", ""content_id"": ""06056197-bc69-4147-aa28-070bca132178"", ""link"": ""/government/organisations/home-office"", ""parent_organisations"": [], ""superseded_organisations"": [""police-arbitration-tribunal"", ""police-discipline-appeals-tribunal""], ""analytics_identifier"": ""D16"", ""title"": ""Home Office"", ""organisation_crest"": ""ho"", ""organisation_brand"": ""home-office"", ""child_organisations"": [""hm-passport-office"", ""uk-border-agency"", ""office-of-the-immigration-services-commissioner"", ""security-industry-authority"", ""serious-organised-crime-agency"", ""national-fraud-authority"", ""advisory-council-on-the-misuse-of-drugs"", ""police-advisory-board-for-england-and-wales"", ""technical-advisory-board"", ""migration-advisory-committee"", ""national-dna-database-ethics-group"", ""police-arbitration-tribunal"", ""police-discipline-appeals-tribunal"", ""hm-inspectorate-of-constabulary"", ""the-security-service-mi5"", ""independent-police-complaint-commission"", ""office-of-surveillance-commissioners"", ""police-negotiating-board"", ""disclosure-and-barring-service"", ""independent-reviewer-of-terrorism-legislation"", ""intelligence-services-commissioner"", ""interception-of-communications-commissioner"", ""border-force"", ""animals-in-science-committee"", ""surveillance-camera-commissioner"", ""forensic-science-regulator"", ""uk-visas-and-immigration"", ""national-crime-agency-remuneration-review-body"", ""biometrics-commissioner"", ""gangmasters-licensing-authority"", ""immigration-enforcement"", ""national-counter-terrorism-security-office"", ""investigatory-powers-tribunal"", ""police-remuneration-review-body"", ""independent-family-returns-panel"", ""independent-anti-slavery-commissioner"", ""chief-fire-and-rescue-adviser-unit"", ""biometrics-and-forensics-ethics-group"", ""independent-chief-inspector-of-borders-and-immigration"", ""gangmasters-and-labour-abuse-authority"", ""college-of-policing"", ""hm-inspectorate-of-constabulary-and-fire-rescue-services"", ""independent-office-for-police-conduct"", ""commission-for-countering-extremism"", ""investigatory-powers-commissioners-office"", ""uk-council-for-internet-safety"", ""office-for-communications-data-authorisations"", ""the-adjudicator-s-office"", ""biometrics-and-surveillance-camera-commissioner"", ""accelerated-capability-environment"", ""office-for-the-independent-examiner-of-complaints"", ""immigration-advice-authority"", ""border-security-command"", ""science-and-technology-ethics-advisory-committee"", ""office-of-the-independent-prevent-commissioner"", ""labour-market-evidence-group"", ""office-of-the-windrush-commissioner""], ""logo_formatted_title"": ""Home Office"", ""slug"": ""home-office"", ""public_timestamp"": ""2024-07-23T12:54:13Z""}]"
2025-12-11T09:00:06Z,DBT,Strategic steer to the Trade Remedies Authority (TRA),This strategic steer sets out the government’s growth-focused priorities for the Trade Remedies Authority (TRA).,https://www.gov.uk/government/publications/strategic-steer-to-the-trade-remedies-authority-tra,/government/publications/strategic-steer-to-the-trade-remedies-authority-tra,policy_paper,Policy paper,"[{""organisation_type"": ""ministerial_department"", ""organisation_state"": ""live"", ""superseding_organisations"": [], ""acronym"": ""DBT"", ""content_id"": ""aa750cdf-7925-429d-a2b3-0d9fa47d2c48"", ""link"": ""/government/organisations/department-for-business-and-trade"", ""parent_organisations"": [], ""superseded_organisations"": [""department-for-international-trade"", ""department-for-business-energy-and-industrial-strategy""], ""analytics_identifier"": ""D1382"", ""title"": ""Department for Business and Trade"", ""organisation_crest"": ""dbt"", ""organisation_brand"": ""department-for-business-trade"", ""child_organisations"": [""groceries-code-adjudicator"", ""office-for-product-safety-and-standards"", ""central-arbitration-committee"", ""trade-remedies-authority"", ""export-control-joint-unit"", ""office-for-investment"", ""uk-national-contact-point"", ""uk-defence-and-security-exports"", ""competition-and-markets-authority"", ""acas"", ""british-business-bank"", ""financial-reporting-council"", ""insolvency-service"", ""competition-appeal-tribunal"", ""low-pay-commission"", ""pubs-code-adjudicator"", ""companies-house"", ""regulatory-policy-committee"", ""certification-officer"", ""small-business-commissioner"", ""competition-service"", ""british-hallmarking-council"", ""post-office"", ""centre-for-connected-and-autonomous-vehicles"", ""employment-agency-standards-inspectorate"", ""office-of-the-regulator-of-community-interest-companies"", ""office-of-manpower-economics"", ""office-of-trade-sanctions-implementation"", ""office-for-the-pay-review-bodies"", ""office-for-responsible-business-conduct"", ""labour-market-evidence-group"", ""fair-work-agency""], ""logo_formatted_title"": ""Department for<br/>Business &amp; Trade"", ""slug"": ""department-for-business-and-trade"", ""public_timestamp"": ""2025-06-13T14:04:47Z""}, {""organisation_type"": ""executive_ndpb"", ""organisation_state"": ""live"", ""superseding_organisations"": [], ""acronym"": """", ""content_id"": ""649fc487-7d9d-4c44-828e-bfb5abea94f7"", ""link"": ""/government/organisations/trade-remedies-authority"", ""parent_organisations"": [""department-for-business-and-trade""], ""superseded_organisations"": [""trade-remedies-investigations-directorate""], ""analytics_identifier"": ""PB1327"", ""title"": ""Trade Remedies Authority"", ""organisation_crest"": ""dbt"", ""organisation_brand"": ""department-for-business-trade"", ""child_organisations"": [], ""logo_formatted_title"": ""Trade Remedies Authority"", ""slug"": ""trade-remedies-authority"", ""public_timestamp"": ""2025-04-23T13:27:51Z""}]"
2025-12-11T00:01:00Z,DSIT,AI to accelerate national renewal and growth as Google DeepMind backs UK tech and science sectors,A new partnership with Google DeepMind will help to turn cutting-edge AI into real benefits for working people. ,https://www.gov.uk/government/news/ai-to-accelerate-national-renewal-and-growth-as-google-deepmind-backs-uk-tech-and-science-sectors,/government/news/ai-to-accelerate-national-renewal-and-growth-as-google-deepmind-backs-uk-tech-and-science-sectors,press_release,,"[{""organisation_type"": ""ministerial_department"", ""organisation_state"": ""live"", ""superseding_organisations"": [], ""acronym"": ""DSIT"", ""content_id"": ""c352c234-8083-47ec-8a4b-0edd45c31263"", ""link"": ""/government/organisations/department-for-science-innovation-and-technology"", ""parent_organisations"": [], ""superseded_organisations"": [""department-for-digital-culture-media-sport"", ""department-for-business-energy-and-industrial-strategy"", ""centre-for-data-ethics-and-innovation"", ""office-for-artificial-intelligence"", ""building-digital-uk""], ""analytics_identifier"": ""D1381"", ""title"": ""Department for Science, Innovation and Technology"", ""organisation_crest"": ""single-identity"", ""organisation_brand"": ""department-for-science-innovation-technology"", ""child_organisations"": [""building-digital-uk"", ""office-for-artificial-intelligence"", ""centre-for-data-ethics-and-innovation"", ""geospatial-commission"", ""uk-council-for-internet-safety"", ""uk-space-agency"", ""government-office-for-science"", ""met-office"", ""ofcom"", ""phone-paid-services-authority"", ""information-commissioner-s-office"", ""office-for-life-sciences"", ""government-office-for-technology-transfer"", ""government-chemist"", ""research-collaboration-advice-team"", ""advanced-research-and-invention-agency"", ""intellectual-property-office"", ""uk-research-and-innovation"", ""ordnance-survey"", ""copyright-tribunal"", ""national-physical-laboratory"", ""uk-shared-business-services-ltd"", ""british-technology-investments-ltd"", ""ai-safety-institute"", ""regulatory-horizons-council"", ""government-digital-service"", ""central-digital-and-data-office"", ""incubator-for-artificial-intelligence"", ""office-for-digital-identities-and-attributes"", ""ai-security-institute"", ""regulatory-innovation-office""], ""logo_formatted_title"": ""Department for<br/>Science, Innovation<br/>&amp; Technology"", ""slug"": ""department-for-science-innovation-and-technology"", ""public_timestamp"": ""2025-08-22T13:12:15Z""}, {""organisation_type"": ""executive_office"", ""organisation_state"": ""live"", ""superseding_organisations"": [], ""acronym"": ""Number 10"", ""content_id"": ""705dbea4-8bd7-422e-ba9c-254557f77f81"", ""link"": ""/government/organisations/prime-ministers-office-10-downing-street"", ""parent_organisations"": [""cabinet-office""], ""superseded_organisations"": [], ""analytics_identifier"": ""OT532"", ""title"": ""Prime Minister's Office, 10 Downing Street"", ""organisation_crest"": ""eo"", ""organisation_brand"": ""prime-ministers-office-10-downing-street"", ""child_organisations"": [], ""logo_formatted_title"": ""Prime Minister&#39;s Office <br/>10 Downing Street"", ""slug"": ""prime-ministers-office-10-downing-street"", ""public_timestamp"": ""2024-07-16T14:02:40Z""}, {""organisation_type"": ""ministerial_department"", ""organisation_state"": ""live"", ""superseding_organisations"": [], ""acronym"": ""DfE"", ""content_id"": ""ebd15ade-73b2-4eaf-b1c3-43034a42eb37"", ""link"": ""/government/organisations/department-for-education"", ""parent_organisations"": [], ""superseded_organisations"": [""department-for-children-schools-and-families"", ""national-college-for-teaching-and-leadership"", ""education-and-skills-funding-agency"", ""institute-for-apprenticeships-and-technical-education""], ""analytics_identifier"": ""D6"", ""title"": ""Department for Education"", ""organisation_crest"": ""single-identity"", ""organisation_brand"": ""department-for-education"", ""child_organisations"": [""education-funding-agency"", ""standards-and-testing-agency"", ""ofqual"", ""ofsted"", ""office-of-the-children-s-commissioner"", ""school-teachers-review-body"", ""social-mobility-and-child-poverty-commission"", ""national-college-for-teaching-and-leadership"", ""national-college-for-school-leadership"", ""schools-commissioners-group"", ""skills-funding-agency"", ""higher-education-funding-council-for-england"", ""office-for-fair-access"", ""student-loans-company"", ""uk-commission-for-employment-and-skills"", ""education-and-skills-funding-agency"", ""institute-for-apprenticeships"", ""located"", ""office-for-students"", ""teaching-regulation-agency"", ""independent-review-mechanism"", ""uk-council-for-internet-safety"", ""further-education-commissioner"", ""institute-for-apprenticeships-and-technical-education"", ""child-safeguarding-practice-review-panel"", ""regional-schools-commissioners"", ""social-work-england"", ""regional-department-for-education-dfe-directors"", ""office-of-the-schools-adjudicator"", ""oak-national-academy"", ""labour-market-evidence-group""], ""logo_formatted_title"": ""Department <br/>for Education"", ""slug"": ""department-for-education"", ""public_timestamp"": ""2025-05-19T12:00:35Z""}, {""organisation_type"": ""ministerial_department"", ""organisation_state"": ""live"", ""superseding_organisations"": [], ""acronym"": ""DESNZ"", ""content_id"": ""6315817c-ef11-4905-bb4d-b6dca8e9052c"", ""link"": ""/government/organisations/department-for-energy-security-and-net-zero"", ""parent_organisations"": [], ""superseded_organisations"": [""department-for-business-energy-and-industrial-strategy""], ""analytics_identifier"": ""D1380"", ""title"": ""Department for Energy Security and Net Zero"", ""organisation_crest"": ""single-identity"", ""organisation_brand"": ""department-for-business-innovation-skills"", ""child_organisations"": [""nuclear-decommissioning-authority"", ""offshore-petroleum-regulator-for-environment-and-decommissioning"", ""ofgem"", ""civil-nuclear-police-authority"", ""the-coal-authority"", ""committee-on-climate-change"", ""salix-finance-ltd"", ""great-british-nuclear"", ""north-sea-transition-authority"", ""uk-atomic-energy-authority"", ""national-nuclear-laboratory"", ""low-carbon-contracts-company"", ""electricity-settlements-company"", ""office-for-zero-emission-vehicles"", ""great-british-energy"", ""national-energy-system-operator"", ""mining-remediation-authority"", ""great-british-energy-nuclear""], ""logo_formatted_title"": ""Department for<br/>Energy Security<br/>&amp; Net Zero"", ""slug"": ""department-for-energy-security-and-net-zero"", ""public_timestamp"": ""2024-11-21T09:51:30Z""}]"
2025-12-10T14:34:12Z,DSIT,"G7 Ministerial Declaration: Montréal, Canada, 8 to 9 December 2025","The G7 Industry, Digital and Technology Ministerial Declaration and Ministerial Statement on the SME AI Adoption Blueprint, agreed on 8 to 9 December 2025 in Montréal, Canada.",https://www.gov.uk/government/publications/g7-ministerial-declaration-montreal-canada-8-to-9-december-2025,/government/publications/g7-ministerial-declaration-montreal-canada-8-to-9-december-2025,notice,Notice,"[{""organisation_type"": ""ministerial_department"", ""organisation_state"": ""live"", ""superseding_organisations"": [], ""acronym"": ""DSIT"", ""content_id"": ""c352c234-8083-47ec-8a4b-0edd45c31263"", ""link"": ""/government/organisations/department-for-science-innovation-and-technology"", ""parent_organisations"": [], ""superseded_organisations"": [""department-for-digital-culture-media-sport"", ""department-for-business-energy-and-industrial-strategy"", ""centre-for-data-ethics-and-innovation"", ""office-for-artificial-intelligence"", ""building-digital-uk""], ""analytics_identifier"": ""D1381"", ""title"": ""Department for Science, Innovation and Technology"", ""organisation_crest"": ""single-identity"", ""organisation_brand"": ""department-for-science-innovation-technology"", ""child_organisations"": [""building-digital-uk"", ""office-for-artificial-intelligence"", ""centre-for-data-ethics-and-innovation"", ""geospatial-commission"", ""uk-council-for-internet-safety"", ""uk-space-agency"", ""government-office-for-science"", ""met-office"", ""ofcom"", ""phone-paid-services-authority"", ""information-commissioner-s-office"", ""office-for-life-sciences"", ""government-office-for-technology-transfer"", ""government-chemist"", ""research-collaboration-advice-team"", ""advanced-research-and-invention-agency"", ""intellectual-property-office"", ""uk-research-and-innovation"", ""ordnance-survey"", ""copyright-tribunal"", ""national-physical-laboratory"", ""uk-shared-business-services-ltd"", ""british-technology-investments-ltd"", ""ai-safety-institute"", ""regulatory-horizons-council"", ""government-digital-service"", ""central-digital-and-data-office"", ""incubator-for-artificial-intelligence"", ""office-for-digital-identities-and-attributes"", ""ai-security-institute"", ""regulatory-innovation-office""], ""logo_formatted_title"": ""Department for<br/>Science, Innovation<br/>&amp; Technology"", ""slug"": ""department-for-science-innovation-and-technology"", ""public_timestamp"": ""2025-08-22T13:12:15Z""}]"
2025-12-10T08:54:07Z,DBT,Growth Gateway: Trade and investment opportunities in North and West African horticulture,"North West Africa’s horticulture sector offers a £37 billion opportunity in cold chain logistics and financing, with strong growth potential in Nigeria, Ghana and Morocco.",https://www.gov.uk/government/publications/growth-gateway-trade-and-investment-opportunities-in-north-and-west-african-horticulture,/government/publications/growth-gateway-trade-and-investment-opportunities-in-north-and-west-african-horticulture,guidance,Guidance,"[{""organisation_type"": ""ministerial_department"", ""organisation_state"": ""live"", ""superseding_organisations"": [], ""acronym"": ""FCDO"", ""content_id"": ""f9fcf3fe-2751-4dca-97ca-becaeceb4b26"", ""link"": ""/government/organisations/foreign-commonwealth-development-office"", ""parent_organisations"": [], ""superseded_organisations"": [""foreign-commonwealth-office"", ""department-for-international-development"", ""stabilisation-unit""], ""analytics_identifier"": ""D1315"", ""title"": ""Foreign, Commonwealth & Development Office"", ""organisation_crest"": ""single-identity"", ""organisation_brand"": ""foreign-commonwealth-development-office"", ""child_organisations"": [""wilton-park"", ""british-council"", ""great-britain-china-centre"", ""marshall-aid-commemoration-commission"", ""westminster-foundation-for-democracy"", ""government-communications-headquarters"", ""secret-intelligence-service"", ""commonwealth-scholarship-commission-in-the-uk"", ""independent-commission-for-aid-impact"", ""fcdo-services"", ""preventing-sexual-violence-in-conflict-initiative"", ""hm-government-communications-centre""], ""logo_formatted_title"": ""Foreign, Commonwealth<br/>&amp; Development Office"", ""slug"": ""foreign-commonwealth-development-office"", ""public_timestamp"": ""2025-06-06T14:59:44Z""}, {""organisation_type"": ""ministerial_department"", ""organisation_state"": ""live"", ""superseding_organisations"": [], ""acronym"": ""DBT"", ""content_id"": ""aa750cdf-7925-429d-a2b3-0d9fa47d2c48"", ""link"": ""/government/organisations/department-for-business-and-trade"", ""parent_organisations"": [], ""superseded_organisations"": [""department-for-international-trade"", ""department-for-business-energy-and-industrial-strategy""], ""analytics_identifier"": ""D1382"", ""title"": ""Department for Business and Trade"", ""organisation_crest"": ""dbt"", ""organisation_brand"": ""department-for-business-trade"", ""child_organisations"": [""groceries-code-adjudicator"", ""office-for-product-safety-and-standards"", ""central-arbitration-committee"", ""trade-remedies-authority"", ""export-control-joint-unit"", ""office-for-investment"", ""uk-national-contact-point"", ""uk-defence-and-security-exports"", ""competition-and-markets-authority"", ""acas"", ""british-business-bank"", ""financial-reporting-council"", ""insolvency-service"", ""competition-appeal-tribunal"", ""low-pay-commission"", ""pubs-code-adjudicator"", ""companies-house"", ""regulatory-policy-committee"", ""certification-officer"", ""small-business-commissioner"", ""competition-service"", ""british-hallmarking-council"", ""post-office"", ""centre-for-connected-and-autonomous-vehicles"", ""employment-agency-standards-inspectorate"", ""office-of-the-regulator-of-community-interest-companies"", ""office-of-manpower-economics"", ""office-of-trade-sanctions-implementation"", ""office-for-the-pay-review-bodies"", ""office-for-responsible-business-conduct"", ""labour-market-evidence-group"", ""fair-work-agency""], ""logo_formatted_title"": ""Department for<br/>Business &amp; Trade"", ""slug"": ""department-for-business-and-trade"", ""public_timestamp"": ""2025-06-13T14:04:47Z""}]"
2025-12-09T00:00:00Z,Treasury,"Covid fraud cost UK taxpayer £10.9 billion, reveals independent report","Taxpayers lost £10.9 billion to fraud and error as the previous government’s pandemic response left the front door open to fraud, an independent report reveals today (9 December 2025). ",https://www.gov.uk/government/news/covid-fraud-cost-uk-taxpayer-109-billion-reveals-independent-report,/government/news/covid-fraud-cost-uk-taxpayer-109-billion-reveals-independent-report,press_release,,"[{""organisation_type"": ""ministerial_department"", ""organisation_state"": ""live"", ""superseding_organisations"": [], ""acronym"": ""HMT"", ""content_id"": ""1994e0e4-bd19-4966-bbd7-f293d6e90a6b"", ""link"": ""/government/organisations/hm-treasury"", ""parent_organisations"": [], ""superseded_organisations"": [], ""analytics_identifier"": ""D15"", ""title"": ""HM Treasury"", ""organisation_crest"": ""single-identity"", ""organisation_brand"": ""hm-treasury"", ""child_organisations"": [""uk-debt-management-office"", ""uk-financial-investments-limited"", ""office-for-budget-responsibility"", ""royal-mint"", ""ns-i"", ""royal-mint-advisory-committee"", ""the-crown-estate"", ""infrastructure-uk"", ""government-internal-audit-agency"", ""financial-conduct-authority"", ""payment-systems-regulator"", ""national-infrastructure-commission"", ""financial-services-trade-and-investment-board"", ""uk-government-investments"", ""office-of-financial-sanctions-implementation"", ""infrastructure-and-projects-authority"", ""government-actuarys-department"", ""uk-asset-resolution-limited"", ""government-finance-function"", ""reclaim-fund-ltd"", ""public-sector-fraud-authority"", ""office-of-tax-simplification"", ""uk-infrastructure-bank"", ""government-debt-management-function"", ""evaluation-task-force"", ""national-infrastructure-and-service-transformation-authority"", ""national-wealth-fund"", ""labour-market-evidence-group""], ""logo_formatted_title"": ""HM Treasury"", ""slug"": ""hm-treasury"", ""public_timestamp"": ""2025-11-26T14:37:58Z""}]"
2025-12-04T13:00:00Z,DBT,Small business access to finance,"This call for evidence seeks views, evidence and experiences of applying for and accessing debt finance in the UK for small businesses.",https://www.gov.uk/government/calls-for-evidence/small-business-access-to-finance,/government/calls-for-evidence/small-business-access-to-finance,call_for_evidence_outcome,,"[{""organisation_type"": ""ministerial_department"", ""organisation_state"": ""live"", ""superseding_organisations"": [], ""acronym"": ""DBT"", ""content_id"": ""aa750cdf-7925-429d-a2b3-0d9fa47d2c48"", ""link"": ""/government/organisations/department-for-business-and-trade"", ""parent_organisations"": [], ""superseded_organisations"": [""department-for-international-trade"", ""department-for-business-energy-and-industrial-strategy""], ""analytics_identifier"": ""D1382"", ""title"": ""Department for Business and Trade"", ""organisation_crest"": ""dbt"", ""organisation_brand"": ""department-for-business-trade"", ""child_organisations"": [""groceries-code-adjudicator"", ""office-for-product-safety-and-standards"", ""central-arbitration-committee"", ""trade-remedies-authority"", ""export-control-joint-unit"", ""office-for-investment"", ""uk-national-contact-point"", ""uk-defence-and-security-exports"", ""competition-and-markets-authority"", ""acas"", ""british-business-bank"", ""financial-reporting-council"", ""insolvency-service"", ""competition-appeal-tribunal"", ""low-pay-commission"", ""pubs-code-adjudicator"", ""companies-house"", ""regulatory-policy-committee"", ""certification-officer"", ""small-business-commissioner"", ""competition-service"", ""british-hallmarking-council"", ""post-office"", ""centre-for-connected-and-autonomous-vehicles"", ""employment-agency-standards-inspectorate"", ""office-of-the-regulator-of-community-interest-companies"", ""office-of-manpower-economics"", ""office-of-trade-sanctions-implementation"", ""office-for-the-pay-review-bodies"", ""office-for-responsible-business-conduct"", ""labour-market-evidence-group"", ""fair-work-agency""], ""logo_formatted_title"": ""Department for<br/>Business &amp; Trade"", ""slug"": ""department-for-business-and-trade"", ""public_timestamp"": ""2025-06-13T14:04:47Z""}, {""organisation_type"": ""ministerial_department"", ""organisation_state"": ""live"", ""superseding_organisations"": [], ""acronym"": ""HMT"", ""content_id"": ""1994e0e4-bd19-4966-bbd7-f293d6e90a6b"", ""link"": ""/government/organisations/hm-treasury"", ""parent_organisations"": [], ""superseded_organisations"": [], ""analytics_identifier"": ""D15"", ""title"": ""HM Treasury"", ""organisation_crest"": ""single-identity"", ""organisation_brand"": ""hm-treasury"", ""child_organisations"": [""uk-debt-management-office"", ""uk-financial-investments-limited"", ""office-for-budget-responsibility"", ""royal-mint"", ""ns-i"", ""royal-mint-advisory-committee"", ""the-crown-estate"", ""infrastructure-uk"", ""government-internal-audit-agency"", ""financial-conduct-authority"", ""payment-systems-regulator"", ""national-infrastructure-commission"", ""financial-services-trade-and-investment-board"", ""uk-government-investments"", ""office-of-financial-sanctions-implementation"", ""infrastructure-and-projects-authority"", ""government-actuarys-department"", ""uk-asset-resolution-limited"", ""government-finance-function"", ""reclaim-fund-ltd"", ""public-sector-fraud-authority"", ""office-of-tax-simplification"", ""uk-infrastructure-bank"", ""government-debt-management-function"", ""evaluation-task-force"", ""national-infrastructure-and-service-transformation-authority"", ""national-wealth-fund"", ""labour-market-evidence-group""], ""logo_formatted_title"": ""HM Treasury"", ""slug"": ""hm-treasury"", ""public_timestamp"": ""2025-11-26T14:37:58Z""}]"
2025-12-04T00:00:00Z,DfE,Maximising value for pupils,"Sets out how government will work with schools and trusts to maximise value from resources, ensuring every pound delivers the best outcomes for pupils. ",https://www.gov.uk/government/publications/maximising-value-for-pupils,/government/publications/maximising-value-for-pupils,policy_paper,Policy paper,"[{""organisation_type"": ""ministerial_department"", ""organisation_state"": ""live"", ""superseding_organisations"": [], ""acronym"": ""DfE"", ""content_id"": ""ebd15ade-73b2-4eaf-b1c3-43034a42eb37"", ""link"": ""/government/organisations/department-for-education"", ""parent_organisations"": [], ""superseded_organisations"": [""department-for-children-schools-and-families"", ""national-college-for-teaching-and-leadership"", ""education-and-skills-funding-agency"", ""institute-for-apprenticeships-and-technical-education""], ""analytics_identifier"": ""D6"", ""title"": ""Department for Education"", ""organisation_crest"": ""single-identity"", ""organisation_brand"": ""department-for-education"", ""child_organisations"": [""education-funding-agency"", ""standards-and-testing-agency"", ""ofqual"", ""ofsted"", ""office-of-the-children-s-commissioner"", ""school-teachers-review-body"", ""social-mobility-and-child-poverty-commission"", ""national-college-for-teaching-and-leadership"", ""national-college-for-school-leadership"", ""schools-commissioners-group"", ""skills-funding-agency"", ""higher-education-funding-council-for-england"", ""office-for-fair-access"", ""student-loans-company"", ""uk-commission-for-employment-and-skills"", ""education-and-skills-funding-agency"", ""institute-for-apprenticeships"", ""located"", ""office-for-students"", ""teaching-regulation-agency"", ""independent-review-mechanism"", ""uk-council-for-internet-safety"", ""further-education-commissioner"", ""institute-for-apprenticeships-and-technical-education"", ""child-safeguarding-practice-review-panel"", ""regional-schools-commissioners"", ""social-work-england"", ""regional-department-for-education-dfe-directors"", ""office-of-the-schools-adjudicator"", ""oak-national-academy"", ""labour-market-evidence-group""], ""logo_formatted_title"": ""Department <br/>for Education"", ""slug"": ""department-for-education"", ""public_timestamp"": ""2025-05-19T12:00:35Z""}]"
2025-12-04T00:00:00Z,DfE,Improve your school's and trust's digital and financial planning,"Information about the range of support available to schools and trusts to build capability, improve commercial expertise and meet digital standards. ",https://www.gov.uk/guidance/improve-your-schools-and-trusts-digital-and-financial-planning,/guidance/improve-your-schools-and-trusts-digital-and-financial-planning,detailed_guide,,"[{""organisation_type"": ""ministerial_department"", ""organisation_state"": ""live"", ""superseding_organisations"": [], ""acronym"": ""DfE"", ""content_id"": ""ebd15ade-73b2-4eaf-b1c3-43034a42eb37"", ""link"": ""/government/organisations/department-for-education"", ""parent_organisations"": [], ""superseded_organisations"": [""department-for-children-schools-and-families"", ""national-college-for-teaching-and-leadership"", ""education-and-skills-funding-agency"", ""institute-for-apprenticeships-and-technical-education""], ""analytics_identifier"": ""D6"", ""title"": ""Department for Education"", ""organisation_crest"": ""single-identity"", ""organisation_brand"": ""department-for-education"", ""child_organisations"": [""education-funding-agency"", ""standards-and-testing-agency"", ""ofqual"", ""ofsted"", ""office-of-the-children-s-commissioner"", ""school-teachers-review-body"", ""social-mobility-and-child-poverty-commission"", ""national-college-for-teaching-and-leadership"", ""national-college-for-school-leadership"", ""schools-commissioners-group"", ""skills-funding-agency"", ""higher-education-funding-council-for-england"", ""office-for-fair-access"", ""student-loans-company"", ""uk-commission-for-employment-and-skills"", ""education-and-skills-funding-agency"", ""institute-for-apprenticeships"", ""located"", ""office-for-students"", ""teaching-regulation-agency"", ""independent-review-mechanism"", ""uk-council-for-internet-safety"", ""further-education-commissioner"", ""institute-for-apprenticeships-and-technical-education"", ""child-safeguarding-practice-review-panel"", ""regional-schools-commissioners"", ""social-work-england"", ""regional-department-for-education-dfe-directors"", ""office-of-the-schools-adjudicator"", ""oak-national-academy"", ""labour-market-evidence-group""], ""logo_formatted_title"": ""Department <br/>for Education"", ""slug"": ""department-for-education"", ""public_timestamp"": ""2025-05-19T12:00:35Z""}]"
2025-12-04T00:00:00Z,DSIT,TechFirst,TechFirst is the government’s flagship tech skills programme opening pathways into the UK’s fast-growing tech sector. ,https://www.gov.uk/guidance/techfirst,/guidance/techfirst,detailed_guide,,"[{""organisation_type"": ""ministerial_department"", ""organisation_state"": ""live"", ""superseding_organisations"": [], ""acronym"": ""DSIT"", ""content_id"": ""c352c234-8083-47ec-8a4b-0edd45c31263"", ""link"": ""/government/organisations/department-for-science-innovation-and-technology"", ""parent_organisations"": [], ""superseded_organisations"": [""department-for-digital-culture-media-sport"", ""department-for-business-energy-and-industrial-strategy"", ""centre-for-data-ethics-and-innovation"", ""office-for-artificial-intelligence"", ""building-digital-uk""], ""analytics_identifier"": ""D1381"", ""title"": ""Department for Science, Innovation and Technology"", ""organisation_crest"": ""single-identity"", ""organisation_brand"": ""department-for-science-innovation-technology"", ""child_organisations"": [""building-digital-uk"", ""office-for-artificial-intelligence"", ""centre-for-data-ethics-and-innovation"", ""geospatial-commission"", ""uk-council-for-internet-safety"", ""uk-space-agency"", ""government-office-for-science"", ""met-office"", ""ofcom"", ""phone-paid-services-authority"", ""information-commissioner-s-office"", ""office-for-life-sciences"", ""government-office-for-technology-transfer"", ""government-chemist"", ""research-collaboration-advice-team"", ""advanced-research-and-invention-agency"", ""intellectual-property-office"", ""uk-research-and-innovation"", ""ordnance-survey"", ""copyright-tribunal"", ""national-physical-laboratory"", ""uk-shared-business-services-ltd"", ""british-technology-investments-ltd"", ""ai-safety-institute"", ""regulatory-horizons-council"", ""government-digital-service"", ""central-digital-and-data-office"", ""incubator-for-artificial-intelligence"", ""office-for-digital-identities-and-attributes"", ""ai-security-institute"", ""regulatory-innovation-office""], ""logo_formatted_title"": ""Department for<br/>Science, Innovation<br/>&amp; Technology"", ""slug"": ""department-for-science-innovation-and-technology"", ""public_timestamp"": ""2025-08-22T13:12:15Z""}]"
2025-12-04T00:00:00Z,Home_Office,Police use of facial recognition,Information on police use of facial recognition technology. ,https://www.gov.uk/government/publications/police-use-of-facial-recognition,/government/publications/police-use-of-facial-recognition,guidance,Guidance,"[{""organisation_type"": ""ministerial_department"", ""organisation_state"": ""live"", ""superseding_organisations"": [], ""acronym"": ""Home Office"", ""content_id"": ""06056197-bc69-4147-aa28-070bca132178"", ""link"": ""/government/organisations/home-office"", ""parent_organisations"": [], ""superseded_organisations"": [""police-arbitration-tribunal"", ""police-discipline-appeals-tribunal""], ""analytics_identifier"": ""D16"", ""title"": ""Home Office"", ""organisation_crest"": ""ho"", ""organisation_brand"": ""home-office"", ""child_organisations"": [""hm-passport-office"", ""uk-border-agency"", ""office-of-the-immigration-services-commissioner"", ""security-industry-authority"", ""serious-organised-crime-agency"", ""national-fraud-authority"", ""advisory-council-on-the-misuse-of-drugs"", ""police-advisory-board-for-england-and-wales"", ""technical-advisory-board"", ""migration-advisory-committee"", ""national-dna-database-ethics-group"", ""police-arbitration-tribunal"", ""police-discipline-appeals-tribunal"", ""hm-inspectorate-of-constabulary"", ""the-security-service-mi5"", ""independent-police-complaint-commission"", ""office-of-surveillance-commissioners"", ""police-negotiating-board"", ""disclosure-and-barring-service"", ""independent-reviewer-of-terrorism-legislation"", ""intelligence-services-commissioner"", ""interception-of-communications-commissioner"", ""border-force"", ""animals-in-science-committee"", ""surveillance-camera-commissioner"", ""forensic-science-regulator"", ""uk-visas-and-immigration"", ""national-crime-agency-remuneration-review-body"", ""biometrics-commissioner"", ""gangmasters-licensing-authority"", ""immigration-enforcement"", ""national-counter-terrorism-security-office"", ""investigatory-powers-tribunal"", ""police-remuneration-review-body"", ""independent-family-returns-panel"", ""independent-anti-slavery-commissioner"", ""chief-fire-and-rescue-adviser-unit"", ""biometrics-and-forensics-ethics-group"", ""independent-chief-inspector-of-borders-and-immigration"", ""gangmasters-and-labour-abuse-authority"", ""college-of-policing"", ""hm-inspectorate-of-constabulary-and-fire-rescue-services"", ""independent-office-for-police-conduct"", ""commission-for-countering-extremism"", ""investigatory-powers-commissioners-office"", ""uk-council-for-internet-safety"", ""office-for-communications-data-authorisations"", ""the-adjudicator-s-office"", ""biometrics-and-surveillance-camera-commissioner"", ""accelerated-capability-environment"", ""office-for-the-independent-examiner-of-complaints"", ""immigration-advice-authority"", ""border-security-command"", ""science-and-technology-ethics-advisory-committee"", ""office-of-the-independent-prevent-commissioner"", ""labour-market-evidence-group"", ""office-of-the-windrush-commissioner""], ""logo_formatted_title"": ""Home Office"", ""slug"": ""home-office"", ""public_timestamp"": ""2024-07-23T12:54:13Z""}]"
2025-12-04T00:00:00Z,DSIT,TechExpert,"TechExpert is part of TechFirst, the government’s skills programme opening pathways into the UK’s fast-growing tech sector.",https://www.gov.uk/guidance/techexpert,/guidance/techexpert,detailed_guide,,"[{""organisation_type"": ""ministerial_department"", ""organisation_state"": ""live"", ""superseding_organisations"": [], ""acronym"": ""DSIT"", ""content_id"": ""c352c234-8083-47ec-8a4b-0edd45c31263"", ""link"": ""/government/organisations/department-for-science-innovation-and-technology"", ""parent_organisations"": [], ""superseded_organisations"": [""department-for-digital-culture-media-sport"", ""department-for-business-energy-and-industrial-strategy"", ""centre-for-data-ethics-and-innovation"", ""office-for-artificial-intelligence"", ""building-digital-uk""], ""analytics_identifier"": ""D1381"", ""title"": ""Department for Science, Innovation and Technology"", ""organisation_crest"": ""single-identity"", ""organisation_brand"": ""department-for-science-innovation-technology"", ""child_organisations"": [""building-digital-uk"", ""office-for-artificial-intelligence"", ""centre-for-data-ethics-and-innovation"", ""geospatial-commission"", ""uk-council-for-internet-safety"", ""uk-space-agency"", ""government-office-for-science"", ""met-office"", ""ofcom"", ""phone-paid-services-authority"", ""information-commissioner-s-office"", ""office-for-life-sciences"", ""government-office-for-technology-transfer"", ""government-chemist"", ""research-collaboration-advice-team"", ""advanced-research-and-invention-agency"", ""intellectual-property-office"", ""uk-research-and-innovation"", ""ordnance-survey"", ""copyright-tribunal"", ""national-physical-laboratory"", ""uk-shared-business-services-ltd"", ""british-technology-investments-ltd"", ""ai-safety-institute"", ""regulatory-horizons-council"", ""government-digital-service"", ""central-digital-and-data-office"", ""incubator-for-artificial-intelligence"", ""office-for-digital-identities-and-attributes"", ""ai-security-institute"", ""regulatory-innovation-office""], ""logo_formatted_title"": ""Department for<br/>Science, Innovation<br/>&amp; Technology"", ""slug"": ""department-for-science-innovation-and-technology"", ""public_timestamp"": ""2025-08-22T13:12:15Z""}]"
2025-12-03T16:30:04Z,Cabinet_Office,"Specialised Committee on the Implementation of the Windsor Framework: Joint Statement, 3 December 2025",The UK Government and European Commission gave a statement after the Specialised Committee on the Implementation of the Windsor Framework meeting.,https://www.gov.uk/government/news/specialised-committee-on-the-implementation-of-the-windsor-framework-joint-statement-3-december-2025,/government/news/specialised-committee-on-the-implementation-of-the-windsor-framework-joint-statement-3-december-2025,press_release,,"[{""organisation_type"": ""ministerial_department"", ""organisation_state"": ""live"", ""superseding_organisations"": [], ""acronym"": """", ""content_id"": ""96ae61d6-c2a1-48cb-8e67-da9d105ae381"", ""link"": ""/government/organisations/cabinet-office"", ""parent_organisations"": [], ""superseded_organisations"": [""national-school-of-government""], ""analytics_identifier"": ""D2"", ""title"": ""Cabinet Office"", ""organisation_crest"": ""single-identity"", ""organisation_brand"": ""cabinet-office"", ""child_organisations"": [""the-committee-on-standards-in-public-life"", ""the-office-of-the-leader-of-the-house-of-commons"", ""advisory-committee-on-business-appointments"", ""house-of-lords-appointments-commission"", ""privy-council-office"", ""civil-service-commission"", ""security-vetting-appeals-panel"", ""review-body-on-senior-salaries"", ""office-of-the-leader-of-the-house-of-lords"", ""national-security"", ""efficiency-and-reform-group"", ""office-of-the-parliamentary-counsel"", ""commissioner-for-public-appointments"", ""mckay-commission"", ""prime-ministers-office-10-downing-street"", ""deputy-prime-ministers-office"", ""government-estates-management"", ""open-public-services"", ""crown-commercial-service"", ""civil-service"", ""social-mobility-and-child-poverty-commission"", ""office-of-the-registrar-of-consultant-lobbyists"", ""third-party-campaigning-review"", ""government-commercial-function"", ""cabinet-office-board"", ""infrastructure-and-projects-authority"", ""race-disparity-unit"", ""government-property-agency"", ""civil-service-fast-track-apprenticeship"", ""equality-and-human-rights-commission"", ""civil-service-group"", ""conflict-stability-and-security-fund"", ""government-equalities-office"", ""uk-statistics-authority"", ""national-leadership-centre"", ""civil-service-hr"", ""disability-unit"", ""united-kingdom-security-vetting"", ""government-property-function"", ""commission-on-race-and-ethnic-disparities"", ""government-skills-and-curriculum-unit"", ""the-equality-hub"", ""social-mobility-commission"", ""modernisation-and-reform"", ""leadership-college-for-government"", ""independent-adviser-on-ministers-interests"", ""corporate-officers-of-the-house-of-commons"", ""corporate-officers-of-the-house-of-lords"", ""uk-commission-on-covid-commemoration"", ""public-sector-fraud-authority"", ""government-people-group"", ""incubator-for-automation-and-innovation"", ""civil-service-government-operational-research-service"", ""the-queen-elizabeth-memorial-committee"", ""uk-integrated-security-fund"", ""evaluation-task-force"", ""government-skills"", ""office-for-equality-and-opportunity"", ""race-equality-unit"", ""women-and-equalities-unit"", ""uk-resilience-academy"", ""national-infrastructure-and-service-transformation-authority"", ""ethics-and-integrity-commission"", ""government-people-function"", ""the-infected-blood-memorial-committee""], ""logo_formatted_title"": ""Cabinet Office"", ""slug"": ""cabinet-office"", ""public_timestamp"": ""2023-06-09T13:54:07Z""}]"
2025-11-28T16:28:45Z,Home_Office,Earned settlement,The government is consulting on how the current settlement system should be reformed and how those reforms should be implemented.,https://www.gov.uk/government/consultations/earned-settlement,/government/consultations/earned-settlement,open_consultation,,"[{""organisation_type"": ""ministerial_department"", ""organisation_state"": ""live"", ""superseding_organisations"": [], ""acronym"": ""Home Office"", ""content_id"": ""06056197-bc69-4147-aa28-070bca132178"", ""link"": ""/government/organisations/home-office"", ""parent_organisations"": [], ""superseded_organisations"": [""police-arbitration-tribunal"", ""police-discipline-appeals-tribunal""], ""analytics_identifier"": ""D16"", ""title"": ""Home Office"", ""organisation_crest"": ""ho"", ""organisation_brand"": ""home-office"", ""child_organisations"": [""hm-passport-office"", ""uk-border-agency"", ""office-of-the-immigration-services-commissioner"", ""security-industry-authority"", ""serious-organised-crime-agency"", ""national-fraud-authority"", ""advisory-council-on-the-misuse-of-drugs"", ""police-advisory-board-for-england-and-wales"", ""technical-advisory-board"", ""migration-advisory-committee"", ""national-dna-database-ethics-group"", ""police-arbitration-tribunal"", ""police-discipline-appeals-tribunal"", ""hm-inspectorate-of-constabulary"", ""the-security-service-mi5"", ""independent-police-complaint-commission"", ""office-of-surveillance-commissioners"", ""police-negotiating-board"", ""disclosure-and-barring-service"", ""independent-reviewer-of-terrorism-legislation"", ""intelligence-services-commissioner"", ""interception-of-communications-commissioner"", ""border-force"", ""animals-in-science-committee"", ""surveillance-camera-commissioner"", ""forensic-science-regulator"", ""uk-visas-and-immigration"", ""national-crime-agency-remuneration-review-body"", ""biometrics-commissioner"", ""gangmasters-licensing-authority"", ""immigration-enforcement"", ""national-counter-terrorism-security-office"", ""investigatory-powers-tribunal"", ""police-remuneration-review-body"", ""independent-family-returns-panel"", ""independent-anti-slavery-commissioner"", ""chief-fire-and-rescue-adviser-unit"", ""biometrics-and-forensics-ethics-group"", ""independent-chief-inspector-of-borders-and-immigration"", ""gangmasters-and-labour-abuse-authority"", ""college-of-policing"", ""hm-inspectorate-of-constabulary-and-fire-rescue-services"", ""independent-office-for-police-conduct"", ""commission-for-countering-extremism"", ""investigatory-powers-commissioners-office"", ""uk-council-for-internet-safety"", ""office-for-communications-data-authorisations"", ""the-adjudicator-s-office"", ""biometrics-and-surveillance-camera-commissioner"", ""accelerated-capability-environment"", ""office-for-the-independent-examiner-of-complaints"", ""immigration-advice-authority"", ""border-security-command"", ""science-and-technology-ethics-advisory-committee"", ""office-of-the-independent-prevent-commissioner"", ""labour-market-evidence-group"", ""office-of-the-windrush-commissioner""], ""logo_formatted_title"": ""Home Office"", ""slug"": ""home-office"", ""public_timestamp"": ""2024-07-23T12:54:13Z""}, {""organisation_type"": ""ministerial_department"", ""organisation_state"": ""live"", ""superseding_organisations"": [], ""acronym"": ""DCMS"", ""content_id"": ""ae9ef2e1-9de0-4ff8-b560-e6ac28a6205c"", ""link"": ""/government/organisations/department-for-culture-media-and-sport"", ""parent_organisations"": [], ""superseded_organisations"": [""department-for-digital-culture-media-sport""], ""analytics_identifier"": ""D1383"", ""title"": ""Department for Culture, Media and Sport"", ""organisation_crest"": ""single-identity"", ""organisation_brand"": ""department-for-culture-media-sport"", ""child_organisations"": [""charity-commission"", ""the-national-archives"", ""arts-council-england"", ""british-film-institute"", ""british-library"", ""british-museum"", ""gambling-commission"", ""geffrye-museum"", ""historic-england"", ""horniman-museum"", ""horserace-betting-levy-board"", ""imperial-war-museum"", ""national-gallery"", ""national-heritage-memorial-fund"", ""the-national-lottery-community-fund"", ""national-museums-liverpool"", ""national-portrait-gallery"", ""natural-history-museum"", ""royal-armouries-museum"", ""royal-museums-greenwich"", ""science-museum-group"", ""sir-john-soane-s-museum"", ""sport-england"", ""sports-grounds-safety-authority"", ""tate"", ""uk-anti-doping"", ""uk-sport"", ""victoria-and-albert-museum"", ""visitbritain"", ""visitengland"", ""wallace-collection"", ""the-advisory-council-on-national-records-and-archives"", ""the-reviewing-committee-on-the-export-of-works-of-art-and-objects-of-cultural-interest"", ""the-theatres-trust"", ""treasure-valuation-committee"", ""bbc"", ""channel-4"", ""historic-royal-palaces"", ""royal-parks"", ""churches-conservation-trust"", ""national-citizen-service"", ""s4c"", ""independent-football-regulator""], ""logo_formatted_title"": ""Department <br/>for Culture,<br/>Media &amp; Sport"", ""slug"": ""department-for-culture-media-and-sport"", ""public_timestamp"": ""2026-01-26T12:53:30Z""}, {""organisation_type"": ""ministerial_department"", ""organisation_state"": ""live"", ""superseding_organisations"": [], ""acronym"": ""DWP"", ""content_id"": ""b548a09f-8b35-4104-89f4-f1a40bf3136d"", ""link"": ""/government/organisations/department-for-work-pensions"", ""parent_organisations"": [], ""superseded_organisations"": [""department-of-social-security"", ""pension-service"", ""pension-disability-and-carers-service"", ""disability-and-carers-service"", ""bpdts-ltd""], ""analytics_identifier"": ""D10"", ""title"": ""Department for Work and Pensions"", ""organisation_crest"": ""single-identity"", ""organisation_brand"": ""department-for-work-pensions"", ""child_organisations"": [""equality-2025"", ""industrial-injuries-advisory-council"", ""social-security-advisory-committee"", ""health-and-safety-executive"", ""the-pensions-advisory-service"", ""the-pensions-regulator"", ""pension-protection-fund-ombudsman"", ""pensions-ombudsman"", ""national-employment-savings-trust"", ""remploy-ltd"", ""pension-protection-fund"", ""independent-living-fund"", ""independent-case-examiner"", ""office-for-nuclear-regulation"", ""office-for-disability-issues"", ""social-mobility-and-child-poverty-commission"", ""disabled-peoples-employment-corporation"", ""bpdts-ltd"", ""remploy-pension-scheme-trustees-ltd"", ""single-financial-guidance-body"", ""labour-market-evidence-group"", ""skills-england"", ""construction-industry-training-board"", ""engineering-construction-industry-training-board""], ""logo_formatted_title"": ""Department<br/>for Work &amp; <br/>Pensions"", ""slug"": ""department-for-work-pensions"", ""public_timestamp"": ""2024-10-08T10:38:37Z""}, {""organisation_type"": ""ministerial_department"", ""organisation_state"": ""live"", ""superseding_organisations"": [], ""acronym"": ""HMT"", ""content_id"": ""1994e0e4-bd19-4966-bbd7-f293d6e90a6b"", ""link"": ""/government/organisations/hm-treasury"", ""parent_organisations"": [], ""superseded_organisations"": [], ""analytics_identifier"": ""D15"", ""title"": ""HM Treasury"", ""organisation_crest"": ""single-identity"", ""organisation_brand"": ""hm-treasury"", ""child_organisations"": [""uk-debt-management-office"", ""uk-financial-investments-limited"", ""office-for-budget-responsibility"", ""royal-mint"", ""ns-i"", ""royal-mint-advisory-committee"", ""the-crown-estate"", ""infrastructure-uk"", ""government-internal-audit-agency"", ""financial-conduct-authority"", ""payment-systems-regulator"", ""national-infrastructure-commission"", ""financial-services-trade-and-investment-board"", ""uk-government-investments"", ""office-of-financial-sanctions-implementation"", ""infrastructure-and-projects-authority"", ""government-actuarys-department"", ""uk-asset-resolution-limited"", ""government-finance-function"", ""reclaim-fund-ltd"", ""public-sector-fraud-authority"", ""office-of-tax-simplification"", ""uk-infrastructure-bank"", ""government-debt-management-function"", ""evaluation-task-force"", ""national-infrastructure-and-service-transformation-authority"", ""national-wealth-fund"", ""labour-market-evidence-group""], ""logo_formatted_title"": ""HM Treasury"", ""slug"": ""hm-treasury"", ""public_timestamp"": ""2025-11-26T14:37:58Z""}]"
2025-11-28T09:30:03Z,DBT,"Trade and Sustainable Development Domestic Advisory Group (TSD DAG): minutes, 19 September 2025",Minutes of the second meeting between the TSD DAG and the Department for Business and Trade (DBT).,https://www.gov.uk/government/publications/trade-and-sustainable-development-domestic-advisory-group-tsd-dag-minutes-19-september-2025,/government/publications/trade-and-sustainable-development-domestic-advisory-group-tsd-dag-minutes-19-september-2025,transparency,Transparency data,"[{""organisation_type"": ""ministerial_department"", ""organisation_state"": ""live"", ""superseding_organisations"": [], ""acronym"": ""DBT"", ""content_id"": ""aa750cdf-7925-429d-a2b3-0d9fa47d2c48"", ""link"": ""/government/organisations/department-for-business-and-trade"", ""parent_organisations"": [], ""superseded_organisations"": [""department-for-international-trade"", ""department-for-business-energy-and-industrial-strategy""], ""analytics_identifier"": ""D1382"", ""title"": ""Department for Business and Trade"", ""organisation_crest"": ""dbt"", ""organisation_brand"": ""department-for-business-trade"", ""child_organisations"": [""groceries-code-adjudicator"", ""office-for-product-safety-and-standards"", ""central-arbitration-committee"", ""trade-remedies-authority"", ""export-control-joint-unit"", ""office-for-investment"", ""uk-national-contact-point"", ""uk-defence-and-security-exports"", ""competition-and-markets-authority"", ""acas"", ""british-business-bank"", ""financial-reporting-council"", ""insolvency-service"", ""competition-appeal-tribunal"", ""low-pay-commission"", ""pubs-code-adjudicator"", ""companies-house"", ""regulatory-policy-committee"", ""certification-officer"", ""small-business-commissioner"", ""competition-service"", ""british-hallmarking-council"", ""post-office"", ""centre-for-connected-and-autonomous-vehicles"", ""employment-agency-standards-inspectorate"", ""office-of-the-regulator-of-community-interest-companies"", ""office-of-manpower-economics"", ""office-of-trade-sanctions-implementation"", ""office-for-the-pay-review-bodies"", ""office-for-responsible-business-conduct"", ""labour-market-evidence-group"", ""fair-work-agency""], ""logo_formatted_title"": ""Department for<br/>Business &amp; Trade"", ""slug"": ""department-for-business-and-trade"", ""public_timestamp"": ""2025-06-13T14:04:47Z""}]"
2025-11-27T16:00:03Z,DfE,Employer skills survey 2024,"The employer skills survey 2024 conducted by the DfE in England, the Northern Ireland Executive, the Welsh Government and the Scottish Government.",https://www.gov.uk/government/collections/employer-skills-survey-2024,/government/collections/employer-skills-survey-2024,document_collection,,"[{""organisation_type"": ""ministerial_department"", ""organisation_state"": ""live"", ""superseding_organisations"": [], ""acronym"": ""DfE"", ""content_id"": ""ebd15ade-73b2-4eaf-b1c3-43034a42eb37"", ""link"": ""/government/organisations/department-for-education"", ""parent_organisations"": [], ""superseded_organisations"": [""department-for-children-schools-and-families"", ""national-college-for-teaching-and-leadership"", ""education-and-skills-funding-agency"", ""institute-for-apprenticeships-and-technical-education""], ""analytics_identifier"": ""D6"", ""title"": ""Department for Education"", ""organisation_crest"": ""single-identity"", ""organisation_brand"": ""department-for-education"", ""child_organisations"": [""education-funding-agency"", ""standards-and-testing-agency"", ""ofqual"", ""ofsted"", ""office-of-the-children-s-commissioner"", ""school-teachers-review-body"", ""social-mobility-and-child-poverty-commission"", ""national-college-for-teaching-and-leadership"", ""national-college-for-school-leadership"", ""schools-commissioners-group"", ""skills-funding-agency"", ""higher-education-funding-council-for-england"", ""office-for-fair-access"", ""student-loans-company"", ""uk-commission-for-employment-and-skills"", ""education-and-skills-funding-agency"", ""institute-for-apprenticeships"", ""located"", ""office-for-students"", ""teaching-regulation-agency"", ""independent-review-mechanism"", ""uk-council-for-internet-safety"", ""further-education-commissioner"", ""institute-for-apprenticeships-and-technical-education"", ""child-safeguarding-practice-review-panel"", ""regional-schools-commissioners"", ""social-work-england"", ""regional-department-for-education-dfe-directors"", ""office-of-the-schools-adjudicator"", ""oak-national-academy"", ""labour-market-evidence-group""], ""logo_formatted_title"": ""Department <br/>for Education"", ""slug"": ""department-for-education"", ""public_timestamp"": ""2025-05-19T12:00:35Z""}, {""organisation_type"": ""executive_agency"", ""organisation_state"": ""live"", ""superseding_organisations"": [], ""acronym"": """", ""content_id"": ""1b5d2d26-9f1e-4ac5-8335-12061d09ca8e"", ""link"": ""/government/organisations/skills-england"", ""parent_organisations"": [""department-for-work-pensions""], ""superseded_organisations"": [], ""analytics_identifier"": ""EA1440"", ""title"": ""Skills England"", ""organisation_crest"": ""single-identity"", ""organisation_brand"": ""department-for-work-pensions"", ""child_organisations"": [], ""logo_formatted_title"": ""Skills England"", ""slug"": ""skills-england"", ""public_timestamp"": ""2025-12-10T10:58:05Z""}]"
2025-11-27T16:00:02Z,DfE,Technology in schools survey report: 2024 to 2025,Results from the most recent wave of the technology in schools survey (TISS).,https://www.gov.uk/government/publications/technology-in-schools-survey-report-2024-to-2025,/government/publications/technology-in-schools-survey-report-2024-to-2025,research,Research,"[{""organisation_type"": ""ministerial_department"", ""organisation_state"": ""live"", ""superseding_organisations"": [], ""acronym"": ""DfE"", ""content_id"": ""ebd15ade-73b2-4eaf-b1c3-43034a42eb37"", ""link"": ""/government/organisations/department-for-education"", ""parent_organisations"": [], ""superseded_organisations"": [""department-for-children-schools-and-families"", ""national-college-for-teaching-and-leadership"", ""education-and-skills-funding-agency"", ""institute-for-apprenticeships-and-technical-education""], ""analytics_identifier"": ""D6"", ""title"": ""Department for Education"", ""organisation_crest"": ""single-identity"", ""organisation_brand"": ""department-for-education"", ""child_organisations"": [""education-funding-agency"", ""standards-and-testing-agency"", ""ofqual"", ""ofsted"", ""office-of-the-children-s-commissioner"", ""school-teachers-review-body"", ""social-mobility-and-child-poverty-commission"", ""national-college-for-teaching-and-leadership"", ""national-college-for-school-leadership"", ""schools-commissioners-group"", ""skills-funding-agency"", ""higher-education-funding-council-for-england"", ""office-for-fair-access"", ""student-loans-company"", ""uk-commission-for-employment-and-skills"", ""education-and-skills-funding-agency"", ""institute-for-apprenticeships"", ""located"", ""office-for-students"", ""teaching-regulation-agency"", ""independent-review-mechanism"", ""uk-council-for-internet-safety"", ""further-education-commissioner"", ""institute-for-apprenticeships-and-technical-education"", ""child-safeguarding-practice-review-panel"", ""regional-schools-commissioners"", ""social-work-england"", ""regional-department-for-education-dfe-directors"", ""office-of-the-schools-adjudicator"", ""oak-national-academy"", ""labour-market-evidence-group""], ""logo_formatted_title"": ""Department <br/>for Education"", ""slug"": ""department-for-education"", ""public_timestamp"": ""2025-05-19T12:00:35Z""}]"
2025-11-27T15:31:41Z,Cabinet_Office,Leeds City Council: Xylo Core,AI-powered workspace that boosts the capacity of validation and planning officers within local planning authority development management teams.,https://www.gov.uk/algorithmic-transparency-records/leeds-city-council-xylo-core,/algorithmic-transparency-records/leeds-city-council-xylo-core,algorithmic_transparency_record,,"[{""organisation_type"": ""ministerial_department"", ""organisation_state"": ""live"", ""superseding_organisations"": [], ""acronym"": """", ""content_id"": ""96ae61d6-c2a1-48cb-8e67-da9d105ae381"", ""link"": ""/government/organisations/cabinet-office"", ""parent_organisations"": [], ""superseded_organisations"": [""national-school-of-government""], ""analytics_identifier"": ""D2"", ""title"": ""Cabinet Office"", ""organisation_crest"": ""single-identity"", ""organisation_brand"": ""cabinet-office"", ""child_organisations"": [""the-committee-on-standards-in-public-life"", ""the-office-of-the-leader-of-the-house-of-commons"", ""advisory-committee-on-business-appointments"", ""house-of-lords-appointments-commission"", ""privy-council-office"", ""civil-service-commission"", ""security-vetting-appeals-panel"", ""review-body-on-senior-salaries"", ""office-of-the-leader-of-the-house-of-lords"", ""national-security"", ""efficiency-and-reform-group"", ""office-of-the-parliamentary-counsel"", ""commissioner-for-public-appointments"", ""mckay-commission"", ""prime-ministers-office-10-downing-street"", ""deputy-prime-ministers-office"", ""government-estates-management"", ""open-public-services"", ""crown-commercial-service"", ""civil-service"", ""social-mobility-and-child-poverty-commission"", ""office-of-the-registrar-of-consultant-lobbyists"", ""third-party-campaigning-review"", ""government-commercial-function"", ""cabinet-office-board"", ""infrastructure-and-projects-authority"", ""race-disparity-unit"", ""government-property-agency"", ""civil-service-fast-track-apprenticeship"", ""equality-and-human-rights-commission"", ""civil-service-group"", ""conflict-stability-and-security-fund"", ""government-equalities-office"", ""uk-statistics-authority"", ""national-leadership-centre"", ""civil-service-hr"", ""disability-unit"", ""united-kingdom-security-vetting"", ""government-property-function"", ""commission-on-race-and-ethnic-disparities"", ""government-skills-and-curriculum-unit"", ""the-equality-hub"", ""social-mobility-commission"", ""modernisation-and-reform"", ""leadership-college-for-government"", ""independent-adviser-on-ministers-interests"", ""corporate-officers-of-the-house-of-commons"", ""corporate-officers-of-the-house-of-lords"", ""uk-commission-on-covid-commemoration"", ""public-sector-fraud-authority"", ""government-people-group"", ""incubator-for-automation-and-innovation"", ""civil-service-government-operational-research-service"", ""the-queen-elizabeth-memorial-committee"", ""uk-integrated-security-fund"", ""evaluation-task-force"", ""government-skills"", ""office-for-equality-and-opportunity"", ""race-equality-unit"", ""women-and-equalities-unit"", ""uk-resilience-academy"", ""national-infrastructure-and-service-transformation-authority"", ""ethics-and-integrity-commission"", ""government-people-function"", ""the-infected-blood-memorial-committee""], ""logo_formatted_title"": ""Cabinet Office"", ""slug"": ""cabinet-office"", ""public_timestamp"": ""2023-06-09T13:54:07Z""}, {""organisation_type"": ""ministerial_department"", ""organisation_state"": ""live"", ""superseding_organisations"": [], ""acronym"": ""DSIT"", ""content_id"": ""c352c234-8083-47ec-8a4b-0edd45c31263"", ""link"": ""/government/organisations/department-for-science-innovation-and-technology"", ""parent_organisations"": [], ""superseded_organisations"": [""department-for-digital-culture-media-sport"", ""department-for-business-energy-and-industrial-strategy"", ""centre-for-data-ethics-and-innovation"", ""office-for-artificial-intelligence"", ""building-digital-uk""], ""analytics_identifier"": ""D1381"", ""title"": ""Department for Science, Innovation and Technology"", ""organisation_crest"": ""single-identity"", ""organisation_brand"": ""department-for-science-innovation-technology"", ""child_organisations"": [""building-digital-uk"", ""office-for-artificial-intelligence"", ""centre-for-data-ethics-and-innovation"", ""geospatial-commission"", ""uk-council-for-internet-safety"", ""uk-space-agency"", ""government-office-for-science"", ""met-office"", ""ofcom"", ""phone-paid-services-authority"", ""information-commissioner-s-office"", ""office-for-life-sciences"", ""government-office-for-technology-transfer"", ""government-chemist"", ""research-collaboration-advice-team"", ""advanced-research-and-invention-agency"", ""intellectual-property-office"", ""uk-research-and-innovation"", ""ordnance-survey"", ""copyright-tribunal"", ""national-physical-laboratory"", ""uk-shared-business-services-ltd"", ""british-technology-investments-ltd"", ""ai-safety-institute"", ""regulatory-horizons-council"", ""government-digital-service"", ""central-digital-and-data-office"", ""incubator-for-artificial-intelligence"", ""office-for-digital-identities-and-attributes"", ""ai-security-institute"", ""regulatory-innovation-office""], ""logo_formatted_title"": ""Department for<br/>Science, Innovation<br/>&amp; Technology"", ""slug"": ""department-for-science-innovation-and-technology"", ""public_timestamp"": ""2025-08-22T13:12:15Z""}, {""organisation_type"": ""sub_organisation"", ""organisation_state"": ""live"", ""superseding_organisations"": [], ""acronym"": ""GDS"", ""content_id"": ""af07d5a5-df63-4ddc-9383-6a666845ebe9"", ""link"": ""/government/organisations/government-digital-service"", ""parent_organisations"": [""department-for-science-innovation-and-technology""], ""superseded_organisations"": [""geospatial-commission"", ""central-digital-and-data-office"", ""incubator-for-artificial-intelligence"", ""centre-for-data-ethics-and-innovation""], ""analytics_identifier"": ""OT1056"", ""title"": ""Government Digital Service"", ""organisation_crest"": ""gds"", ""organisation_brand"": ""government-digital-service"", ""child_organisations"": [], ""logo_formatted_title"": ""Government<br/>Digital Service"", ""slug"": ""government-digital-service"", ""public_timestamp"": ""2025-01-30T12:38:17Z""}]"
2025-11-27T10:58:28Z,DfE,A report on the exercise of IfATE’s relevant functions,"Institute for Apprenticeships and Technical Education (Transfer of Functions etc) Act 2025, report on exercise of the Secretary of State’s functions.",https://www.gov.uk/government/publications/a-report-on-the-exercise-of-ifates-relevant-functions,/government/publications/a-report-on-the-exercise-of-ifates-relevant-functions,corporate_report,Corporate report,"[{""organisation_type"": ""ministerial_department"", ""organisation_state"": ""live"", ""superseding_organisations"": [], ""acronym"": ""DWP"", ""content_id"": ""b548a09f-8b35-4104-89f4-f1a40bf3136d"", ""link"": ""/government/organisations/department-for-work-pensions"", ""parent_organisations"": [], ""superseded_organisations"": [""department-of-social-security"", ""pension-service"", ""pension-disability-and-carers-service"", ""disability-and-carers-service"", ""bpdts-ltd""], ""analytics_identifier"": ""D10"", ""title"": ""Department for Work and Pensions"", ""organisation_crest"": ""single-identity"", ""organisation_brand"": ""department-for-work-pensions"", ""child_organisations"": [""equality-2025"", ""industrial-injuries-advisory-council"", ""social-security-advisory-committee"", ""health-and-safety-executive"", ""the-pensions-advisory-service"", ""the-pensions-regulator"", ""pension-protection-fund-ombudsman"", ""pensions-ombudsman"", ""national-employment-savings-trust"", ""remploy-ltd"", ""pension-protection-fund"", ""independent-living-fund"", ""independent-case-examiner"", ""office-for-nuclear-regulation"", ""office-for-disability-issues"", ""social-mobility-and-child-poverty-commission"", ""disabled-peoples-employment-corporation"", ""bpdts-ltd"", ""remploy-pension-scheme-trustees-ltd"", ""single-financial-guidance-body"", ""labour-market-evidence-group"", ""skills-england"", ""construction-industry-training-board"", ""engineering-construction-industry-training-board""], ""logo_formatted_title"": ""Department<br/>for Work &amp; <br/>Pensions"", ""slug"": ""department-for-work-pensions"", ""public_timestamp"": ""2024-10-08T10:38:37Z""}, {""organisation_type"": ""ministerial_department"", ""organisation_state"": ""live"", ""superseding_organisations"": [], ""acronym"": ""DfE"", ""content_id"": ""ebd15ade-73b2-4eaf-b1c3-43034a42eb37"", ""link"": ""/government/organisations/department-for-education"", ""parent_organisations"": [], ""superseded_organisations"": [""department-for-children-schools-and-families"", ""national-college-for-teaching-and-leadership"", ""education-and-skills-funding-agency"", ""institute-for-apprenticeships-and-technical-education""], ""analytics_identifier"": ""D6"", ""title"": ""Department for Education"", ""organisation_crest"": ""single-identity"", ""organisation_brand"": ""department-for-education"", ""child_organisations"": [""education-funding-agency"", ""standards-and-testing-agency"", ""ofqual"", ""ofsted"", ""office-of-the-children-s-commissioner"", ""school-teachers-review-body"", ""social-mobility-and-child-poverty-commission"", ""national-college-for-teaching-and-leadership"", ""national-college-for-school-leadership"", ""schools-commissioners-group"", ""skills-funding-agency"", ""higher-education-funding-council-for-england"", ""office-for-fair-access"", ""student-loans-company"", ""uk-commission-for-employment-and-skills"", ""education-and-skills-funding-agency"", ""institute-for-apprenticeships"", ""located"", ""office-for-students"", ""teaching-regulation-agency"", ""independent-review-mechanism"", ""uk-council-for-internet-safety"", ""further-education-commissioner"", ""institute-for-apprenticeships-and-technical-education"", ""child-safeguarding-practice-review-panel"", ""regional-schools-commissioners"", ""social-work-england"", ""regional-department-for-education-dfe-directors"", ""office-of-the-schools-adjudicator"", ""oak-national-academy"", ""labour-market-evidence-group""], ""logo_formatted_title"": ""Department <br/>for Education"", ""slug"": ""department-for-education"", ""public_timestamp"": ""2025-05-19T12:00:35Z""}, {""organisation_type"": ""executive_agency"", ""organisation_state"": ""live"", ""superseding_organisations"": [], ""acronym"": """", ""content_id"": ""1b5d2d26-9f1e-4ac5-8335-12061d09ca8e"", ""link"": ""/government/organisations/skills-england"", ""parent_organisations"": [""department-for-work-pensions""], ""superseded_organisations"": [], ""analytics_identifier"": ""EA1440"", ""title"": ""Skills England"", ""organisation_crest"": ""single-identity"", ""organisation_brand"": ""department-for-work-pensions"", ""child_organisations"": [], ""logo_formatted_title"": ""Skills England"", ""slug"": ""skills-england"", ""public_timestamp"": ""2025-12-10T10:58:05Z""}]"
2025-11-26T13:41:15Z,DBT,Reform of non-compete clauses in employment contracts: working paper,This working paper seeks views on different options to reform non-compete clauses in employment contracts.,https://www.gov.uk/government/publications/reform-of-non-compete-clauses-in-employment-contracts-working-paper,/government/publications/reform-of-non-compete-clauses-in-employment-contracts-working-paper,policy_paper,Policy paper,"[{""organisation_type"": ""ministerial_department"", ""organisation_state"": ""live"", ""superseding_organisations"": [], ""acronym"": ""DBT"", ""content_id"": ""aa750cdf-7925-429d-a2b3-0d9fa47d2c48"", ""link"": ""/government/organisations/department-for-business-and-trade"", ""parent_organisations"": [], ""superseded_organisations"": [""department-for-international-trade"", ""department-for-business-energy-and-industrial-strategy""], ""analytics_identifier"": ""D1382"", ""title"": ""Department for Business and Trade"", ""organisation_crest"": ""dbt"", ""organisation_brand"": ""department-for-business-trade"", ""child_organisations"": [""groceries-code-adjudicator"", ""office-for-product-safety-and-standards"", ""central-arbitration-committee"", ""trade-remedies-authority"", ""export-control-joint-unit"", ""office-for-investment"", ""uk-national-contact-point"", ""uk-defence-and-security-exports"", ""competition-and-markets-authority"", ""acas"", ""british-business-bank"", ""financial-reporting-council"", ""insolvency-service"", ""competition-appeal-tribunal"", ""low-pay-commission"", ""pubs-code-adjudicator"", ""companies-house"", ""regulatory-policy-committee"", ""certification-officer"", ""small-business-commissioner"", ""competition-service"", ""british-hallmarking-council"", ""post-office"", ""centre-for-connected-and-autonomous-vehicles"", ""employment-agency-standards-inspectorate"", ""office-of-the-regulator-of-community-interest-companies"", ""office-of-manpower-economics"", ""office-of-trade-sanctions-implementation"", ""office-for-the-pay-review-bodies"", ""office-for-responsible-business-conduct"", ""labour-market-evidence-group"", ""fair-work-agency""], ""logo_formatted_title"": ""Department for<br/>Business &amp; Trade"", ""slug"": ""department-for-business-and-trade"", ""public_timestamp"": ""2025-06-13T14:04:47Z""}]"
2025-11-26T00:00:00Z,Treasury,10 Year Efficiency Projections,10 Year Efficiency Projections.,https://www.gov.uk/government/publications/10-year-efficiency-projections,/government/publications/10-year-efficiency-projections,policy_paper,Policy paper,"[{""organisation_type"": ""ministerial_department"", ""organisation_state"": ""live"", ""superseding_organisations"": [], ""acronym"": ""HMT"", ""content_id"": ""1994e0e4-bd19-4966-bbd7-f293d6e90a6b"", ""link"": ""/government/organisations/hm-treasury"", ""parent_organisations"": [], ""superseded_organisations"": [], ""analytics_identifier"": ""D15"", ""title"": ""HM Treasury"", ""organisation_crest"": ""single-identity"", ""organisation_brand"": ""hm-treasury"", ""child_organisations"": [""uk-debt-management-office"", ""uk-financial-investments-limited"", ""office-for-budget-responsibility"", ""royal-mint"", ""ns-i"", ""royal-mint-advisory-committee"", ""the-crown-estate"", ""infrastructure-uk"", ""government-internal-audit-agency"", ""financial-conduct-authority"", ""payment-systems-regulator"", ""national-infrastructure-commission"", ""financial-services-trade-and-investment-board"", ""uk-government-investments"", ""office-of-financial-sanctions-implementation"", ""infrastructure-and-projects-authority"", ""government-actuarys-department"", ""uk-asset-resolution-limited"", ""government-finance-function"", ""reclaim-fund-ltd"", ""public-sector-fraud-authority"", ""office-of-tax-simplification"", ""uk-infrastructure-bank"", ""government-debt-management-function"", ""evaluation-task-force"", ""national-infrastructure-and-service-transformation-authority"", ""national-wealth-fund"", ""labour-market-evidence-group""], ""logo_formatted_title"": ""HM Treasury"", ""slug"": ""hm-treasury"", ""public_timestamp"": ""2025-11-26T14:37:58Z""}]"
2025-11-25T16:00:01Z,Cabinet_Office,"Specialised Committee on the implementation of the Windsor Framework: Agenda, 3 December 2025",The publication of the agenda in advance of the Specialised Committee on the implementation of the Windsor Framework's meeting on 3 December 2025,https://www.gov.uk/government/publications/specialised-committee-on-the-implementation-of-the-windsor-framework-agenda-3-december-2025,/government/publications/specialised-committee-on-the-implementation-of-the-windsor-framework-agenda-3-december-2025,transparency,Transparency data,"[{""organisation_type"": ""ministerial_department"", ""organisation_state"": ""live"", ""superseding_organisations"": [], ""acronym"": """", ""content_id"": ""96ae61d6-c2a1-48cb-8e67-da9d105ae381"", ""link"": ""/government/organisations/cabinet-office"", ""parent_organisations"": [], ""superseded_organisations"": [""national-school-of-government""], ""analytics_identifier"": ""D2"", ""title"": ""Cabinet Office"", ""organisation_crest"": ""single-identity"", ""organisation_brand"": ""cabinet-office"", ""child_organisations"": [""the-committee-on-standards-in-public-life"", ""the-office-of-the-leader-of-the-house-of-commons"", ""advisory-committee-on-business-appointments"", ""house-of-lords-appointments-commission"", ""privy-council-office"", ""civil-service-commission"", ""security-vetting-appeals-panel"", ""review-body-on-senior-salaries"", ""office-of-the-leader-of-the-house-of-lords"", ""national-security"", ""efficiency-and-reform-group"", ""office-of-the-parliamentary-counsel"", ""commissioner-for-public-appointments"", ""mckay-commission"", ""prime-ministers-office-10-downing-street"", ""deputy-prime-ministers-office"", ""government-estates-management"", ""open-public-services"", ""crown-commercial-service"", ""civil-service"", ""social-mobility-and-child-poverty-commission"", ""office-of-the-registrar-of-consultant-lobbyists"", ""third-party-campaigning-review"", ""government-commercial-function"", ""cabinet-office-board"", ""infrastructure-and-projects-authority"", ""race-disparity-unit"", ""government-property-agency"", ""civil-service-fast-track-apprenticeship"", ""equality-and-human-rights-commission"", ""civil-service-group"", ""conflict-stability-and-security-fund"", ""government-equalities-office"", ""uk-statistics-authority"", ""national-leadership-centre"", ""civil-service-hr"", ""disability-unit"", ""united-kingdom-security-vetting"", ""government-property-function"", ""commission-on-race-and-ethnic-disparities"", ""government-skills-and-curriculum-unit"", ""the-equality-hub"", ""social-mobility-commission"", ""modernisation-and-reform"", ""leadership-college-for-government"", ""independent-adviser-on-ministers-interests"", ""corporate-officers-of-the-house-of-commons"", ""corporate-officers-of-the-house-of-lords"", ""uk-commission-on-covid-commemoration"", ""public-sector-fraud-authority"", ""government-people-group"", ""incubator-for-automation-and-innovation"", ""civil-service-government-operational-research-service"", ""the-queen-elizabeth-memorial-committee"", ""uk-integrated-security-fund"", ""evaluation-task-force"", ""government-skills"", ""office-for-equality-and-opportunity"", ""race-equality-unit"", ""women-and-equalities-unit"", ""uk-resilience-academy"", ""national-infrastructure-and-service-transformation-authority"", ""ethics-and-integrity-commission"", ""government-people-function"", ""the-infected-blood-memorial-committee""], ""logo_formatted_title"": ""Cabinet Office"", ""slug"": ""cabinet-office"", ""public_timestamp"": ""2023-06-09T13:54:07Z""}]"
2025-11-24T15:46:30Z,DBT,British Industrial Competitiveness Scheme: consultation on scheme eligibility and approach,We are seeking views on the proposed approach to the new British Industrial Competitiveness Scheme (BICS) and how eligible businesses should be selected.,https://www.gov.uk/government/consultations/british-industrial-competitiveness-scheme-consultation-on-scheme-eligibility-and-approach,/government/consultations/british-industrial-competitiveness-scheme-consultation-on-scheme-eligibility-and-approach,closed_consultation,,"[{""organisation_type"": ""ministerial_department"", ""organisation_state"": ""live"", ""superseding_organisations"": [], ""acronym"": ""DBT"", ""content_id"": ""aa750cdf-7925-429d-a2b3-0d9fa47d2c48"", ""link"": ""/government/organisations/department-for-business-and-trade"", ""parent_organisations"": [], ""superseded_organisations"": [""department-for-international-trade"", ""department-for-business-energy-and-industrial-strategy""], ""analytics_identifier"": ""D1382"", ""title"": ""Department for Business and Trade"", ""organisation_crest"": ""dbt"", ""organisation_brand"": ""department-for-business-trade"", ""child_organisations"": [""groceries-code-adjudicator"", ""office-for-product-safety-and-standards"", ""central-arbitration-committee"", ""trade-remedies-authority"", ""export-control-joint-unit"", ""office-for-investment"", ""uk-national-contact-point"", ""uk-defence-and-security-exports"", ""competition-and-markets-authority"", ""acas"", ""british-business-bank"", ""financial-reporting-council"", ""insolvency-service"", ""competition-appeal-tribunal"", ""low-pay-commission"", ""pubs-code-adjudicator"", ""companies-house"", ""regulatory-policy-committee"", ""certification-officer"", ""small-business-commissioner"", ""competition-service"", ""british-hallmarking-council"", ""post-office"", ""centre-for-connected-and-autonomous-vehicles"", ""employment-agency-standards-inspectorate"", ""office-of-the-regulator-of-community-interest-companies"", ""office-of-manpower-economics"", ""office-of-trade-sanctions-implementation"", ""office-for-the-pay-review-bodies"", ""office-for-responsible-business-conduct"", ""labour-market-evidence-group"", ""fair-work-agency""], ""logo_formatted_title"": ""Department for<br/>Business &amp; Trade"", ""slug"": ""department-for-business-and-trade"", ""public_timestamp"": ""2025-06-13T14:04:47Z""}]"
2025-11-21T09:56:32Z,DSIT,Post-16 education and skills white paper,Post-16 education and skills reforms to develop a skilled workforce and break down barriers to opportunity.,https://www.gov.uk/government/publications/post-16-education-and-skills-white-paper,/government/publications/post-16-education-and-skills-white-paper,policy_paper,Policy paper,"[{""organisation_type"": ""ministerial_department"", ""organisation_state"": ""live"", ""superseding_organisations"": [], ""acronym"": ""DfE"", ""content_id"": ""ebd15ade-73b2-4eaf-b1c3-43034a42eb37"", ""link"": ""/government/organisations/department-for-education"", ""parent_organisations"": [], ""superseded_organisations"": [""department-for-children-schools-and-families"", ""national-college-for-teaching-and-leadership"", ""education-and-skills-funding-agency"", ""institute-for-apprenticeships-and-technical-education""], ""analytics_identifier"": ""D6"", ""title"": ""Department for Education"", ""organisation_crest"": ""single-identity"", ""organisation_brand"": ""department-for-education"", ""child_organisations"": [""education-funding-agency"", ""standards-and-testing-agency"", ""ofqual"", ""ofsted"", ""office-of-the-children-s-commissioner"", ""school-teachers-review-body"", ""social-mobility-and-child-poverty-commission"", ""national-college-for-teaching-and-leadership"", ""national-college-for-school-leadership"", ""schools-commissioners-group"", ""skills-funding-agency"", ""higher-education-funding-council-for-england"", ""office-for-fair-access"", ""student-loans-company"", ""uk-commission-for-employment-and-skills"", ""education-and-skills-funding-agency"", ""institute-for-apprenticeships"", ""located"", ""office-for-students"", ""teaching-regulation-agency"", ""independent-review-mechanism"", ""uk-council-for-internet-safety"", ""further-education-commissioner"", ""institute-for-apprenticeships-and-technical-education"", ""child-safeguarding-practice-review-panel"", ""regional-schools-commissioners"", ""social-work-england"", ""regional-department-for-education-dfe-directors"", ""office-of-the-schools-adjudicator"", ""oak-national-academy"", ""labour-market-evidence-group""], ""logo_formatted_title"": ""Department <br/>for Education"", ""slug"": ""department-for-education"", ""public_timestamp"": ""2025-05-19T12:00:35Z""}, {""organisation_type"": ""ministerial_department"", ""organisation_state"": ""live"", ""superseding_organisations"": [], ""acronym"": ""DWP"", ""content_id"": ""b548a09f-8b35-4104-89f4-f1a40bf3136d"", ""link"": ""/government/organisations/department-for-work-pensions"", ""parent_organisations"": [], ""superseded_organisations"": [""department-of-social-security"", ""pension-service"", ""pension-disability-and-carers-service"", ""disability-and-carers-service"", ""bpdts-ltd""], ""analytics_identifier"": ""D10"", ""title"": ""Department for Work and Pensions"", ""organisation_crest"": ""single-identity"", ""organisation_brand"": ""department-for-work-pensions"", ""child_organisations"": [""equality-2025"", ""industrial-injuries-advisory-council"", ""social-security-advisory-committee"", ""health-and-safety-executive"", ""the-pensions-advisory-service"", ""the-pensions-regulator"", ""pension-protection-fund-ombudsman"", ""pensions-ombudsman"", ""national-employment-savings-trust"", ""remploy-ltd"", ""pension-protection-fund"", ""independent-living-fund"", ""independent-case-examiner"", ""office-for-nuclear-regulation"", ""office-for-disability-issues"", ""social-mobility-and-child-poverty-commission"", ""disabled-peoples-employment-corporation"", ""bpdts-ltd"", ""remploy-pension-scheme-trustees-ltd"", ""single-financial-guidance-body"", ""labour-market-evidence-group"", ""skills-england"", ""construction-industry-training-board"", ""engineering-construction-industry-training-board""], ""logo_formatted_title"": ""Department<br/>for Work &amp; <br/>Pensions"", ""slug"": ""department-for-work-pensions"", ""public_timestamp"": ""2024-10-08T10:38:37Z""}, {""organisation_type"": ""ministerial_department"", ""organisation_state"": ""live"", ""superseding_organisations"": [], ""acronym"": ""DSIT"", ""content_id"": ""c352c234-8083-47ec-8a4b-0edd45c31263"", ""link"": ""/government/organisations/department-for-science-innovation-and-technology"", ""parent_organisations"": [], ""superseded_organisations"": [""department-for-digital-culture-media-sport"", ""department-for-business-energy-and-industrial-strategy"", ""centre-for-data-ethics-and-innovation"", ""office-for-artificial-intelligence"", ""building-digital-uk""], ""analytics_identifier"": ""D1381"", ""title"": ""Department for Science, Innovation and Technology"", ""organisation_crest"": ""single-identity"", ""organisation_brand"": ""department-for-science-innovation-technology"", ""child_organisations"": [""building-digital-uk"", ""office-for-artificial-intelligence"", ""centre-for-data-ethics-and-innovation"", ""geospatial-commission"", ""uk-council-for-internet-safety"", ""uk-space-agency"", ""government-office-for-science"", ""met-office"", ""ofcom"", ""phone-paid-services-authority"", ""information-commissioner-s-office"", ""office-for-life-sciences"", ""government-office-for-technology-transfer"", ""government-chemist"", ""research-collaboration-advice-team"", ""advanced-research-and-invention-agency"", ""intellectual-property-office"", ""uk-research-and-innovation"", ""ordnance-survey"", ""copyright-tribunal"", ""national-physical-laboratory"", ""uk-shared-business-services-ltd"", ""british-technology-investments-ltd"", ""ai-safety-institute"", ""regulatory-horizons-council"", ""government-digital-service"", ""central-digital-and-data-office"", ""incubator-for-artificial-intelligence"", ""office-for-digital-identities-and-attributes"", ""ai-security-institute"", ""regulatory-innovation-office""], ""logo_formatted_title"": ""Department for<br/>Science, Innovation<br/>&amp; Technology"", ""slug"": ""department-for-science-innovation-and-technology"", ""public_timestamp"": ""2025-08-22T13:12:15Z""}]"
2025-11-21T09:30:18Z,DBT,"CPTPP: joint ministerial statement in Melbourne, 21 November 2025","A jointly prepared statement following the meeting in Melbourne, Australia, on 21 November 2025 of Comprehensive and Progressive Agreement for Trans-Pacific Partnership (CPTPP) members.",https://www.gov.uk/government/publications/cptpp-joint-ministerial-statement-in-melbourne-21-november-2025,/government/publications/cptpp-joint-ministerial-statement-in-melbourne-21-november-2025,policy_paper,Policy paper,"[{""organisation_type"": ""ministerial_department"", ""organisation_state"": ""live"", ""superseding_organisations"": [], ""acronym"": ""DBT"", ""content_id"": ""aa750cdf-7925-429d-a2b3-0d9fa47d2c48"", ""link"": ""/government/organisations/department-for-business-and-trade"", ""parent_organisations"": [], ""superseded_organisations"": [""department-for-international-trade"", ""department-for-business-energy-and-industrial-strategy""], ""analytics_identifier"": ""D1382"", ""title"": ""Department for Business and Trade"", ""organisation_crest"": ""dbt"", ""organisation_brand"": ""department-for-business-trade"", ""child_organisations"": [""groceries-code-adjudicator"", ""office-for-product-safety-and-standards"", ""central-arbitration-committee"", ""trade-remedies-authority"", ""export-control-joint-unit"", ""office-for-investment"", ""uk-national-contact-point"", ""uk-defence-and-security-exports"", ""competition-and-markets-authority"", ""acas"", ""british-business-bank"", ""financial-reporting-council"", ""insolvency-service"", ""competition-appeal-tribunal"", ""low-pay-commission"", ""pubs-code-adjudicator"", ""companies-house"", ""regulatory-policy-committee"", ""certification-officer"", ""small-business-commissioner"", ""competition-service"", ""british-hallmarking-council"", ""post-office"", ""centre-for-connected-and-autonomous-vehicles"", ""employment-agency-standards-inspectorate"", ""office-of-the-regulator-of-community-interest-companies"", ""office-of-manpower-economics"", ""office-of-trade-sanctions-implementation"", ""office-for-the-pay-review-bodies"", ""office-for-responsible-business-conduct"", ""labour-market-evidence-group"", ""fair-work-agency""], ""logo_formatted_title"": ""Department for<br/>Business &amp; Trade"", ""slug"": ""department-for-business-and-trade"", ""public_timestamp"": ""2025-06-13T14:04:47Z""}]"
2025-11-20T00:00:00Z,CMA,CMA Strategy 2026 to 2029,The Competition and Markets Authority (CMA) Strategy for 2026 to 2029. ,https://www.gov.uk/government/publications/cma-strategy-2026-to-2029,/government/publications/cma-strategy-2026-to-2029,corporate_report,Corporate report,"[{""organisation_type"": ""non_ministerial_department"", ""organisation_state"": ""live"", ""logo_url"": ""https://assets.publishing.service.gov.uk/media/59fa00e7e5274a5654e4e39a/CMA_Logo_01.png"", ""superseding_organisations"": [], ""acronym"": ""CMA"", ""content_id"": ""957eb4ec-089b-4f71-ba2a-dc69ac8919ea"", ""link"": ""/government/organisations/competition-and-markets-authority"", ""parent_organisations"": [""department-for-business-and-trade""], ""superseded_organisations"": [], ""analytics_identifier"": ""D550"", ""title"": ""Competition and Markets Authority"", ""organisation_crest"": ""custom"", ""organisation_brand"": ""department-for-business-trade"", ""child_organisations"": [""office-for-the-internal-market"", ""subsidy-advice-unit""], ""logo_formatted_title"": ""Competition and <br/>Markets Authority"", ""slug"": ""competition-and-markets-authority"", ""public_timestamp"": ""2025-11-25T14:20:52Z""}]"
2025-11-18T13:31:23Z,Cabinet_Office,Government Functional Standard GovS 004: Property,UK Government Functional Standard for Property is one of a suite of standards setting expectations for the management of corporate functions across government.,https://www.gov.uk/government/publications/government-standard-for-property-govs-004,/government/publications/government-standard-for-property-govs-004,standard,Standard,"[{""organisation_type"": ""ministerial_department"", ""organisation_state"": ""live"", ""superseding_organisations"": [], ""acronym"": """", ""content_id"": ""96ae61d6-c2a1-48cb-8e67-da9d105ae381"", ""link"": ""/government/organisations/cabinet-office"", ""parent_organisations"": [], ""superseded_organisations"": [""national-school-of-government""], ""analytics_identifier"": ""D2"", ""title"": ""Cabinet Office"", ""organisation_crest"": ""single-identity"", ""organisation_brand"": ""cabinet-office"", ""child_organisations"": [""the-committee-on-standards-in-public-life"", ""the-office-of-the-leader-of-the-house-of-commons"", ""advisory-committee-on-business-appointments"", ""house-of-lords-appointments-commission"", ""privy-council-office"", ""civil-service-commission"", ""security-vetting-appeals-panel"", ""review-body-on-senior-salaries"", ""office-of-the-leader-of-the-house-of-lords"", ""national-security"", ""efficiency-and-reform-group"", ""office-of-the-parliamentary-counsel"", ""commissioner-for-public-appointments"", ""mckay-commission"", ""prime-ministers-office-10-downing-street"", ""deputy-prime-ministers-office"", ""government-estates-management"", ""open-public-services"", ""crown-commercial-service"", ""civil-service"", ""social-mobility-and-child-poverty-commission"", ""office-of-the-registrar-of-consultant-lobbyists"", ""third-party-campaigning-review"", ""government-commercial-function"", ""cabinet-office-board"", ""infrastructure-and-projects-authority"", ""race-disparity-unit"", ""government-property-agency"", ""civil-service-fast-track-apprenticeship"", ""equality-and-human-rights-commission"", ""civil-service-group"", ""conflict-stability-and-security-fund"", ""government-equalities-office"", ""uk-statistics-authority"", ""national-leadership-centre"", ""civil-service-hr"", ""disability-unit"", ""united-kingdom-security-vetting"", ""government-property-function"", ""commission-on-race-and-ethnic-disparities"", ""government-skills-and-curriculum-unit"", ""the-equality-hub"", ""social-mobility-commission"", ""modernisation-and-reform"", ""leadership-college-for-government"", ""independent-adviser-on-ministers-interests"", ""corporate-officers-of-the-house-of-commons"", ""corporate-officers-of-the-house-of-lords"", ""uk-commission-on-covid-commemoration"", ""public-sector-fraud-authority"", ""government-people-group"", ""incubator-for-automation-and-innovation"", ""civil-service-government-operational-research-service"", ""the-queen-elizabeth-memorial-committee"", ""uk-integrated-security-fund"", ""evaluation-task-force"", ""government-skills"", ""office-for-equality-and-opportunity"", ""race-equality-unit"", ""women-and-equalities-unit"", ""uk-resilience-academy"", ""national-infrastructure-and-service-transformation-authority"", ""ethics-and-integrity-commission"", ""government-people-function"", ""the-infected-blood-memorial-committee""], ""logo_formatted_title"": ""Cabinet Office"", ""slug"": ""cabinet-office"", ""public_timestamp"": ""2023-06-09T13:54:07Z""}, {""organisation_type"": ""sub_organisation"", ""organisation_state"": ""live"", ""superseding_organisations"": [], ""acronym"": ""GPF"", ""content_id"": ""68c7612a-31d5-4717-83ed-2ff1bba164ff"", ""link"": ""/government/organisations/government-property-function"", ""parent_organisations"": [""civil-service"", ""cabinet-office""], ""superseded_organisations"": [""civil-service-government-property-profession""], ""analytics_identifier"": ""OT1310"", ""title"": ""Government Property Function"", ""organisation_crest"": ""single-identity"", ""organisation_brand"": ""cabinet-office"", ""child_organisations"": [], ""logo_formatted_title"": ""Government Property Function"", ""slug"": ""government-property-function"", ""public_timestamp"": ""2021-04-15T09:05:11Z""}]"
2025-11-18T00:00:00Z,DHSC,Government fuels NHS innovation to unlock billions in growth,"The government updates NHS IP guidance for the first time in 23 years, cutting red tape so innovations reach patients faster and boost the UK's economic growth.",https://www.gov.uk/government/news/government-fuels-nhs-innovation-to-unlock-billions-in-growth,/government/news/government-fuels-nhs-innovation-to-unlock-billions-in-growth,press_release,,"[{""organisation_type"": ""ministerial_department"", ""organisation_state"": ""live"", ""superseding_organisations"": [], ""acronym"": ""DHSC"", ""content_id"": ""7cd6bf12-bbe9-4118-8523-f927b0442156"", ""link"": ""/government/organisations/department-of-health-and-social-care"", ""parent_organisations"": [], ""superseded_organisations"": [], ""analytics_identifier"": ""D12"", ""title"": ""Department of Health and Social Care"", ""organisation_crest"": ""single-identity"", ""organisation_brand"": ""department-of-health"", ""child_organisations"": [""medicines-and-healthcare-products-regulatory-agency"", ""care-quality-commission"", ""human-fertilisation-and-embryology-authority"", ""human-tissue-authority"", ""monitor"", ""national-institute-for-clinical-excellence"", ""public-health-england"", ""health-research-authority"", ""nhs-trust-development-authority"", ""nhs-blood-and-transplant"", ""nhs-england"", ""nhs-litigation-authority"", ""advisory-committee-on-clinical-excellence-awards"", ""administration-of-radioactive-substances-advisory-committee"", ""british-pharmacopoeia"", ""commission-on-human-medicines"", ""committee-on-mutagenicity-of-chemicals-in-food-consumer-products-and-the-environment"", ""independent-reconfiguration-panel"", ""review-body-on-doctors-and-dentists-remuneration"", ""nhs-pay-review-body"", ""investigation-into-the-role-of-jimmy-savile-at-broadmoor-hospital"", ""health-and-social-care-information-centre"", ""health-education-england"", ""office-for-life-sciences"", ""morecambe-bay-investigation"", ""national-information-board"", ""accelerated-access-review"", ""national-data-guardian"", ""porton-biopharma-limited"", ""nhs-improvement"", ""nhs-digital"", ""nhs-counter-fraud-authority"", ""nhs-resolution"", ""uk-national-screening-committee"", ""uk-health-security-agency"", ""office-for-health-improvement-and-disparities"", ""advisory-committee-on-clinical-impact-awards"", ""nhs-business-services-authority"", ""health-services-safety-investigations-body""], ""logo_formatted_title"": ""Department<br/>of Health &amp;<br/>Social Care"", ""slug"": ""department-of-health-and-social-care"", ""public_timestamp"": ""2023-08-03T07:33:01Z""}, {""organisation_type"": ""executive_ndpb"", ""organisation_state"": ""exempt"", ""superseding_organisations"": [], ""acronym"": """", ""content_id"": ""f07b4bb8-8af6-42da-a161-3d90027e980c"", ""link"": ""/government/organisations/nhs-england"", ""parent_organisations"": [""department-of-health-and-social-care""], ""superseded_organisations"": [""national-information-board"", ""nhs-improvement"", ""nhs-digital"", ""health-education-england""], ""analytics_identifier"": ""PB481"", ""title"": ""NHS England"", ""organisation_crest"": ""no-identity"", ""organisation_brand"": ""department-of-health"", ""child_organisations"": [], ""logo_formatted_title"": ""NHS England"", ""slug"": ""nhs-england"", ""public_timestamp"": ""2024-01-26T13:59:12Z""}]"
